case,origin,source,checker,expected_observable_status,observed_status,runtime_ms,blocked_checks
libeer_no_validation_fold0,observed_pinned_source_control_flow,LibEER,elementary_split,block,block,1.533601083792746,validation_test_trial_isolation;subject_holdout
libeer_no_validation_fold0,observed_pinned_source_control_flow,LibEER,resource_contract,block,block,1.7438550712540746,validation_test_trial_isolation;subject_holdout;model_selection_test_exclusion;subject_preprocessing_selection_holdout
libeer_explicit_validation_fold0,observed_pinned_source_split,LibEER,elementary_split,allow,allow,1.4151380164548755,
libeer_explicit_validation_fold0,observed_pinned_source_split,LibEER,resource_contract,allow,allow,1.8457409460097551,
eegain_window_validation_fold0,native_function_on_three_marker_windows_per_real_trial,EEGain,elementary_split,block,block,1.4273379929363728,training_validation_trial_isolation
eegain_window_validation_fold0,native_function_on_three_marker_windows_per_real_trial,EEGain,resource_contract,block,block,2.0366250537335873,training_validation_trial_isolation
eegain_subject_test_fold0,same_native_trace_without_unclaimed_validation_trial_holdout,EEGain,elementary_split,allow,allow,1.4078880194574594,
eegain_subject_test_fold0,same_native_trace_without_unclaimed_validation_trial_holdout,EEGain,resource_contract,allow,allow,1.9744699820876122,
libeer_matched_fold0,injected_contract_fixture_not_upstream_defect,LibEER,elementary_split,allow,allow,1.5855709789320827,
libeer_matched_fold0,injected_contract_fixture_not_upstream_defect,LibEER,resource_contract,allow,allow,2.2505950182676315,
libeer_unequal_calibration_fold0,injected_contract_fixture_not_upstream_defect,LibEER,elementary_split,block,allow,1.3633789494633675,
libeer_unequal_calibration_fold0,injected_contract_fixture_not_upstream_defect,LibEER,resource_contract,block,block,2.1788139129057527,matched_calibration_trial_uids
libeer_unequal_population_labels_fold0,injected_contract_fixture_not_upstream_defect,LibEER,elementary_split,block,allow,1.3630579924210906,
libeer_unequal_population_labels_fold0,injected_contract_fixture_not_upstream_defect,LibEER,resource_contract,block,block,2.025658031925559,matched_population_label_trial_uids
libeer_different_evaluation_support_fold0,injected_contract_fixture_not_upstream_defect,LibEER,elementary_split,block,allow,1.3805960770696402,
libeer_different_evaluation_support_fold0,injected_contract_fixture_not_upstream_defect,LibEER,resource_contract,block,block,2.192485029809177,matched_evaluation_trial_uids
libeer_missing_provenance_fold0,injected_contract_fixture_not_upstream_defect,LibEER,elementary_split,unverifiable,allow,2.300941967405379,
libeer_missing_provenance_fold0,injected_contract_fixture_not_upstream_defect,LibEER,resource_contract,unverifiable,unverifiable,1.3650209875777364,
libeer_compound_fit_and_support_fold0,injected_contract_fixture_not_upstream_defect,LibEER,elementary_split,block,allow,1.335707027465105,
libeer_compound_fit_and_support_fold0,injected_contract_fixture_not_upstream_defect,LibEER,resource_contract,block,block,2.15828197542578,preprocessing_test_exclusion;subject_preprocessing_selection_holdout;fixed_evaluation_support
libeer_selection_test_not_declared_as_validation_fold0,injected_contract_fixture_not_upstream_defect,LibEER,elementary_split,block,allow,1.3753969687968493,
libeer_selection_test_not_declared_as_validation_fold0,injected_contract_fixture_not_upstream_defect,LibEER,resource_contract,block,block,2.168489038012922,model_selection_test_exclusion;subject_preprocessing_selection_holdout
eegain_matched_fold0,injected_contract_fixture_not_upstream_defect,EEGain,elementary_split,allow,allow,1.4399769715964794,
eegain_matched_fold0,injected_contract_fixture_not_upstream_defect,EEGain,resource_contract,allow,allow,2.226607990451157,
eegain_unequal_calibration_fold0,injected_contract_fixture_not_upstream_defect,EEGain,elementary_split,block,allow,1.3825180940330029,
eegain_unequal_calibration_fold0,injected_contract_fixture_not_upstream_defect,EEGain,resource_contract,block,block,2.2073379950597882,matched_calibration_trial_uids
eegain_unequal_population_labels_fold0,injected_contract_fixture_not_upstream_defect,EEGain,elementary_split,block,allow,1.3877160381525755,
eegain_unequal_population_labels_fold0,injected_contract_fixture_not_upstream_defect,EEGain,resource_contract,block,block,2.0941239781677723,matched_population_label_trial_uids
eegain_different_evaluation_support_fold0,injected_contract_fixture_not_upstream_defect,EEGain,elementary_split,block,allow,1.3839800376445055,
eegain_different_evaluation_support_fold0,injected_contract_fixture_not_upstream_defect,EEGain,resource_contract,block,block,2.253448939882219,matched_evaluation_trial_uids
eegain_missing_provenance_fold0,injected_contract_fixture_not_upstream_defect,EEGain,elementary_split,unverifiable,allow,1.3872149866074324,
eegain_missing_provenance_fold0,injected_contract_fixture_not_upstream_defect,EEGain,resource_contract,unverifiable,unverifiable,1.3881970662623644,
eegain_compound_fit_and_support_fold0,injected_contract_fixture_not_upstream_defect,EEGain,elementary_split,block,allow,1.4307620003819466,
eegain_compound_fit_and_support_fold0,injected_contract_fixture_not_upstream_defect,EEGain,resource_contract,block,block,2.233598963357508,preprocessing_test_exclusion;subject_preprocessing_selection_holdout;fixed_evaluation_support
eegain_selection_test_not_declared_as_validation_fold0,injected_contract_fixture_not_upstream_defect,EEGain,elementary_split,block,allow,1.6011749394237995,
eegain_selection_test_not_declared_as_validation_fold0,injected_contract_fixture_not_upstream_defect,EEGain,resource_contract,block,block,2.151882043108344,model_selection_test_exclusion;subject_preprocessing_selection_holdout
libeer_no_validation_fold1,observed_pinned_source_control_flow,LibEER,elementary_split,block,block,1.3326510088518262,validation_test_trial_isolation;subject_holdout
libeer_no_validation_fold1,observed_pinned_source_control_flow,LibEER,resource_contract,block,block,1.6138949431478977,validation_test_trial_isolation;subject_holdout;model_selection_test_exclusion;subject_preprocessing_selection_holdout
libeer_explicit_validation_fold1,observed_pinned_source_split,LibEER,elementary_split,allow,allow,1.3671750202775002,
libeer_explicit_validation_fold1,observed_pinned_source_split,LibEER,resource_contract,allow,allow,1.7587780021131039,
eegain_window_validation_fold1,native_function_on_three_marker_windows_per_real_trial,EEGain,elementary_split,block,block,1.4810999855399132,training_validation_trial_isolation
eegain_window_validation_fold1,native_function_on_three_marker_windows_per_real_trial,EEGain,resource_contract,block,block,2.035894081927836,training_validation_trial_isolation
eegain_subject_test_fold1,same_native_trace_without_unclaimed_validation_trial_holdout,EEGain,elementary_split,allow,allow,1.3976609334349632,
eegain_subject_test_fold1,same_native_trace_without_unclaimed_validation_trial_holdout,EEGain,resource_contract,allow,allow,2.0017119823023677,
libeer_matched_fold1,injected_contract_fixture_not_upstream_defect,LibEER,elementary_split,allow,allow,1.3779220171272755,
libeer_matched_fold1,injected_contract_fixture_not_upstream_defect,LibEER,resource_contract,allow,allow,2.1832409547641873,
libeer_unequal_calibration_fold1,injected_contract_fixture_not_upstream_defect,LibEER,elementary_split,block,allow,1.358831999823451,
libeer_unequal_calibration_fold1,injected_contract_fixture_not_upstream_defect,LibEER,resource_contract,block,block,2.160025993362069,matched_calibration_trial_uids
libeer_unequal_population_labels_fold1,injected_contract_fixture_not_upstream_defect,LibEER,elementary_split,block,allow,1.3395819114521146,
libeer_unequal_population_labels_fold1,injected_contract_fixture_not_upstream_defect,LibEER,resource_contract,block,block,2.06120393704623,matched_population_label_trial_uids
libeer_different_evaluation_support_fold1,injected_contract_fixture_not_upstream_defect,LibEER,elementary_split,block,allow,1.3394019333645701,
libeer_different_evaluation_support_fold1,injected_contract_fixture_not_upstream_defect,LibEER,resource_contract,block,block,2.156239002943039,matched_evaluation_trial_uids
libeer_missing_provenance_fold1,injected_contract_fixture_not_upstream_defect,LibEER,elementary_split,unverifiable,allow,1.3611550675705075,
libeer_missing_provenance_fold1,injected_contract_fixture_not_upstream_defect,LibEER,resource_contract,unverifiable,unverifiable,1.361184986308217,
libeer_compound_fit_and_support_fold1,injected_contract_fixture_not_upstream_defect,LibEER,elementary_split,block,allow,1.3290259521454573,
libeer_compound_fit_and_support_fold1,injected_contract_fixture_not_upstream_defect,LibEER,resource_contract,block,block,2.168377977795899,preprocessing_test_exclusion;subject_preprocessing_selection_holdout;fixed_evaluation_support
libeer_selection_test_not_declared_as_validation_fold1,injected_contract_fixture_not_upstream_defect,LibEER,elementary_split,block,allow,1.382657908834517,
libeer_selection_test_not_declared_as_validation_fold1,injected_contract_fixture_not_upstream_defect,LibEER,resource_contract,block,block,2.4184529902413487,model_selection_test_exclusion;subject_preprocessing_selection_holdout
eegain_matched_fold1,injected_contract_fixture_not_upstream_defect,EEGain,elementary_split,allow,allow,1.5852299984544516,
eegain_matched_fold1,injected_contract_fixture_not_upstream_defect,EEGain,resource_contract,allow,allow,2.298258012160659,
eegain_unequal_calibration_fold1,injected_contract_fixture_not_upstream_defect,EEGain,elementary_split,block,allow,1.4102010754868388,
eegain_unequal_calibration_fold1,injected_contract_fixture_not_upstream_defect,EEGain,resource_contract,block,block,2.243553986772895,matched_calibration_trial_uids
eegain_unequal_population_labels_fold1,injected_contract_fixture_not_upstream_defect,EEGain,elementary_split,block,allow,1.4564120210707188,
eegain_unequal_population_labels_fold1,injected_contract_fixture_not_upstream_defect,EEGain,resource_contract,block,block,2.1026970352977514,matched_population_label_trial_uids
eegain_different_evaluation_support_fold1,injected_contract_fixture_not_upstream_defect,EEGain,elementary_split,block,allow,1.368137076497078,
eegain_different_evaluation_support_fold1,injected_contract_fixture_not_upstream_defect,EEGain,resource_contract,block,block,2.2018690360710025,matched_evaluation_trial_uids
eegain_missing_provenance_fold1,injected_contract_fixture_not_upstream_defect,EEGain,elementary_split,unverifiable,allow,1.4411889715120196,
eegain_missing_provenance_fold1,injected_contract_fixture_not_upstream_defect,EEGain,resource_contract,unverifiable,unverifiable,1.4011969324201345,
eegain_compound_fit_and_support_fold1,injected_contract_fixture_not_upstream_defect,EEGain,elementary_split,block,allow,1.3657730305567384,
eegain_compound_fit_and_support_fold1,injected_contract_fixture_not_upstream_defect,EEGain,resource_contract,block,block,2.230152953416109,preprocessing_test_exclusion;subject_preprocessing_selection_holdout;fixed_evaluation_support
eegain_selection_test_not_declared_as_validation_fold1,injected_contract_fixture_not_upstream_defect,EEGain,elementary_split,block,allow,1.4140369603410363,
eegain_selection_test_not_declared_as_validation_fold1,injected_contract_fixture_not_upstream_defect,EEGain,resource_contract,block,block,2.228660974651575,model_selection_test_exclusion;subject_preprocessing_selection_holdout
libeer_no_validation_fold2,observed_pinned_source_control_flow,LibEER,elementary_split,block,block,1.3327610213309526,validation_test_trial_isolation;subject_holdout
libeer_no_validation_fold2,observed_pinned_source_control_flow,LibEER,resource_contract,block,block,1.6577219357714057,validation_test_trial_isolation;subject_holdout;model_selection_test_exclusion;subject_preprocessing_selection_holdout
libeer_explicit_validation_fold2,observed_pinned_source_split,LibEER,elementary_split,allow,allow,1.382368034683168,
libeer_explicit_validation_fold2,observed_pinned_source_split,LibEER,resource_contract,allow,allow,1.7703650519251823,
eegain_window_validation_fold2,native_function_on_three_marker_windows_per_real_trial,EEGain,elementary_split,block,block,1.4634329127147794,training_validation_trial_isolation
eegain_window_validation_fold2,native_function_on_three_marker_windows_per_real_trial,EEGain,resource_contract,block,block,2.0805730018764734,training_validation_trial_isolation
eegain_subject_test_fold2,same_native_trace_without_unclaimed_validation_trial_holdout,EEGain,elementary_split,allow,allow,1.423761947080493,
eegain_subject_test_fold2,same_native_trace_without_unclaimed_validation_trial_holdout,EEGain,resource_contract,allow,allow,2.077838988043368,
libeer_matched_fold2,injected_contract_fixture_not_upstream_defect,LibEER,elementary_split,allow,allow,1.4504429418593645,
libeer_matched_fold2,injected_contract_fixture_not_upstream_defect,LibEER,resource_contract,allow,allow,2.192394924350083,
libeer_unequal_calibration_fold2,injected_contract_fixture_not_upstream_defect,LibEER,elementary_split,block,allow,1.361244940198958,
libeer_unequal_calibration_fold2,injected_contract_fixture_not_upstream_defect,LibEER,resource_contract,block,block,2.21224594861269,matched_calibration_trial_uids
libeer_unequal_population_labels_fold2,injected_contract_fixture_not_upstream_defect,LibEER,elementary_split,block,allow,1.35207106359303,
libeer_unequal_population_labels_fold2,injected_contract_fixture_not_upstream_defect,LibEER,resource_contract,block,block,2.1069240756332874,matched_population_label_trial_uids
libeer_different_evaluation_support_fold2,injected_contract_fixture_not_upstream_defect,LibEER,elementary_split,block,allow,1.3736840337514877,
libeer_different_evaluation_support_fold2,injected_contract_fixture_not_upstream_defect,LibEER,resource_contract,block,block,2.1818889072164893,matched_evaluation_trial_uids
libeer_missing_provenance_fold2,injected_contract_fixture_not_upstream_defect,LibEER,elementary_split,unverifiable,allow,1.3408639933913946,
libeer_missing_provenance_fold2,injected_contract_fixture_not_upstream_defect,LibEER,resource_contract,unverifiable,unverifiable,1.3307689223438501,
libeer_compound_fit_and_support_fold2,injected_contract_fixture_not_upstream_defect,LibEER,elementary_split,block,allow,1.3371979584917426,
libeer_compound_fit_and_support_fold2,injected_contract_fixture_not_upstream_defect,LibEER,resource_contract,block,block,2.1571610122919083,preprocessing_test_exclusion;subject_preprocessing_selection_holdout;fixed_evaluation_support
libeer_selection_test_not_declared_as_validation_fold2,injected_contract_fixture_not_upstream_defect,LibEER,elementary_split,block,allow,1.3405029894784093,
libeer_selection_test_not_declared_as_validation_fold2,injected_contract_fixture_not_upstream_defect,LibEER,resource_contract,block,block,2.170660998672247,model_selection_test_exclusion;subject_preprocessing_selection_holdout
eegain_matched_fold2,injected_contract_fixture_not_upstream_defect,EEGain,elementary_split,allow,allow,1.529224100522697,
eegain_matched_fold2,injected_contract_fixture_not_upstream_defect,EEGain,resource_contract,allow,allow,2.2394770057871938,
eegain_unequal_calibration_fold2,injected_contract_fixture_not_upstream_defect,EEGain,elementary_split,block,allow,1.7245049821212888,
eegain_unequal_calibration_fold2,injected_contract_fixture_not_upstream_defect,EEGain,resource_contract,block,block,2.254921942949295,matched_calibration_trial_uids
eegain_unequal_population_labels_fold2,injected_contract_fixture_not_upstream_defect,EEGain,elementary_split,block,allow,1.4037410728633404,
eegain_unequal_population_labels_fold2,injected_contract_fixture_not_upstream_defect,EEGain,resource_contract,block,block,2.097808988764882,matched_population_label_trial_uids
eegain_different_evaluation_support_fold2,injected_contract_fixture_not_upstream_defect,EEGain,elementary_split,block,allow,1.3816870050504804,
eegain_different_evaluation_support_fold2,injected_contract_fixture_not_upstream_defect,EEGain,resource_contract,block,block,2.2249650210142136,matched_evaluation_trial_uids
eegain_missing_provenance_fold2,injected_contract_fixture_not_upstream_defect,EEGain,elementary_split,unverifiable,allow,1.3848419766873121,
eegain_missing_provenance_fold2,injected_contract_fixture_not_upstream_defect,EEGain,resource_contract,unverifiable,unverifiable,1.393545069731772,
eegain_compound_fit_and_support_fold2,injected_contract_fixture_not_upstream_defect,EEGain,elementary_split,block,allow,1.3817069120705128,
eegain_compound_fit_and_support_fold2,injected_contract_fixture_not_upstream_defect,EEGain,resource_contract,block,block,2.2205079440027475,preprocessing_test_exclusion;subject_preprocessing_selection_holdout;fixed_evaluation_support
eegain_selection_test_not_declared_as_validation_fold2,injected_contract_fixture_not_upstream_defect,EEGain,elementary_split,block,allow,1.3920830097049475,
eegain_selection_test_not_declared_as_validation_fold2,injected_contract_fixture_not_upstream_defect,EEGain,resource_contract,block,block,2.164422068744898,model_selection_test_exclusion;subject_preprocessing_selection_holdout
libeer_no_validation_fold3,observed_pinned_source_control_flow,LibEER,elementary_split,block,block,1.37657904997468,validation_test_trial_isolation;subject_holdout
libeer_no_validation_fold3,observed_pinned_source_control_flow,LibEER,resource_contract,block,block,1.6681479755789042,validation_test_trial_isolation;subject_holdout;model_selection_test_exclusion;subject_preprocessing_selection_holdout
libeer_explicit_validation_fold3,observed_pinned_source_split,LibEER,elementary_split,allow,allow,1.3885770458728075,
libeer_explicit_validation_fold3,observed_pinned_source_split,LibEER,resource_contract,allow,allow,1.7550709890201688,
eegain_window_validation_fold3,native_function_on_three_marker_windows_per_real_trial,EEGain,elementary_split,block,block,1.403711037710309,training_validation_trial_isolation
eegain_window_validation_fold3,native_function_on_three_marker_windows_per_real_trial,EEGain,resource_contract,block,block,2.0387679105624557,training_validation_trial_isolation
eegain_subject_test_fold3,same_native_trace_without_unclaimed_validation_trial_holdout,EEGain,elementary_split,allow,allow,1.374215935356915,
eegain_subject_test_fold3,same_native_trace_without_unclaimed_validation_trial_holdout,EEGain,resource_contract,allow,allow,2.0149420015513897,
libeer_matched_fold3,injected_contract_fixture_not_upstream_defect,LibEER,elementary_split,allow,allow,1.392032951116562,
libeer_matched_fold3,injected_contract_fixture_not_upstream_defect,LibEER,resource_contract,allow,allow,2.1664450177922845,
libeer_unequal_calibration_fold3,injected_contract_fixture_not_upstream_defect,LibEER,elementary_split,block,allow,1.3458720641210675,
libeer_unequal_calibration_fold3,injected_contract_fixture_not_upstream_defect,LibEER,resource_contract,block,block,2.2079499904066324,matched_calibration_trial_uids
libeer_unequal_population_labels_fold3,injected_contract_fixture_not_upstream_defect,LibEER,elementary_split,block,allow,1.358661917038262,
libeer_unequal_population_labels_fold3,injected_contract_fixture_not_upstream_defect,LibEER,resource_contract,block,block,2.086743013933301,matched_population_label_trial_uids
libeer_different_evaluation_support_fold3,injected_contract_fixture_not_upstream_defect,LibEER,elementary_split,block,allow,1.3883579522371292,
libeer_different_evaluation_support_fold3,injected_contract_fixture_not_upstream_defect,LibEER,resource_contract,block,block,2.2357420530170202,matched_evaluation_trial_uids
libeer_missing_provenance_fold3,injected_contract_fixture_not_upstream_defect,LibEER,elementary_split,unverifiable,allow,1.3455519219860435,
libeer_missing_provenance_fold3,injected_contract_fixture_not_upstream_defect,LibEER,resource_contract,unverifiable,unverifiable,1.402658992446959,
libeer_compound_fit_and_support_fold3,injected_contract_fixture_not_upstream_defect,LibEER,elementary_split,block,allow,1.349927973933518,
libeer_compound_fit_and_support_fold3,injected_contract_fixture_not_upstream_defect,LibEER,resource_contract,block,block,2.175929956138134,preprocessing_test_exclusion;subject_preprocessing_selection_holdout;fixed_evaluation_support
libeer_selection_test_not_declared_as_validation_fold3,injected_contract_fixture_not_upstream_defect,LibEER,elementary_split,block,allow,1.3596229255199432,
libeer_selection_test_not_declared_as_validation_fold3,injected_contract_fixture_not_upstream_defect,LibEER,resource_contract,block,block,2.1558189764618874,model_selection_test_exclusion;subject_preprocessing_selection_holdout
eegain_matched_fold3,injected_contract_fixture_not_upstream_defect,EEGain,elementary_split,allow,allow,1.4311530394479632,
eegain_matched_fold3,injected_contract_fixture_not_upstream_defect,EEGain,resource_contract,allow,allow,2.244034898467362,
eegain_unequal_calibration_fold3,injected_contract_fixture_not_upstream_defect,EEGain,elementary_split,block,allow,1.3845119392499328,
eegain_unequal_calibration_fold3,injected_contract_fixture_not_upstream_defect,EEGain,resource_contract,block,block,2.1878479747101665,matched_calibration_trial_uids
eegain_unequal_population_labels_fold3,injected_contract_fixture_not_upstream_defect,EEGain,elementary_split,block,allow,1.3740949798375368,
eegain_unequal_population_labels_fold3,injected_contract_fixture_not_upstream_defect,EEGain,resource_contract,block,block,2.0724209025502205,matched_population_label_trial_uids
eegain_different_evaluation_support_fold3,injected_contract_fixture_not_upstream_defect,EEGain,elementary_split,block,allow,1.3639300595968962,
eegain_different_evaluation_support_fold3,injected_contract_fixture_not_upstream_defect,EEGain,resource_contract,block,block,2.1939980797469616,matched_evaluation_trial_uids
eegain_missing_provenance_fold3,injected_contract_fixture_not_upstream_defect,EEGain,elementary_split,unverifiable,allow,1.3908310793340206,
eegain_missing_provenance_fold3,injected_contract_fixture_not_upstream_defect,EEGain,resource_contract,unverifiable,unverifiable,1.3622569385915995,
eegain_compound_fit_and_support_fold3,injected_contract_fixture_not_upstream_defect,EEGain,elementary_split,block,allow,1.3640099205076694,
eegain_compound_fit_and_support_fold3,injected_contract_fixture_not_upstream_defect,EEGain,resource_contract,block,block,2.175839967094362,preprocessing_test_exclusion;subject_preprocessing_selection_holdout;fixed_evaluation_support
eegain_selection_test_not_declared_as_validation_fold3,injected_contract_fixture_not_upstream_defect,EEGain,elementary_split,block,allow,1.7184460302814841,
eegain_selection_test_not_declared_as_validation_fold3,injected_contract_fixture_not_upstream_defect,EEGain,resource_contract,block,block,2.2167329443618655,model_selection_test_exclusion;subject_preprocessing_selection_holdout
libeer_no_validation_fold4,observed_pinned_source_control_flow,LibEER,elementary_split,block,block,1.3583810068666935,validation_test_trial_isolation;subject_holdout
libeer_no_validation_fold4,observed_pinned_source_control_flow,LibEER,resource_contract,block,block,1.60382897593081,validation_test_trial_isolation;subject_holdout;model_selection_test_exclusion;subject_preprocessing_selection_holdout
libeer_explicit_validation_fold4,observed_pinned_source_split,LibEER,elementary_split,allow,allow,1.4055329374969006,
libeer_explicit_validation_fold4,observed_pinned_source_split,LibEER,resource_contract,allow,allow,1.8319899681955576,
eegain_window_validation_fold4,native_function_on_three_marker_windows_per_real_trial,EEGain,elementary_split,block,block,1.4323849463835359,training_validation_trial_isolation
eegain_window_validation_fold4,native_function_on_three_marker_windows_per_real_trial,EEGain,resource_contract,block,block,2.030596020631492,training_validation_trial_isolation
eegain_subject_test_fold4,same_native_trace_without_unclaimed_validation_trial_holdout,EEGain,elementary_split,allow,allow,1.400295994244516,
eegain_subject_test_fold4,same_native_trace_without_unclaimed_validation_trial_holdout,EEGain,resource_contract,allow,allow,1.9968639826402068,
libeer_matched_fold4,injected_contract_fixture_not_upstream_defect,LibEER,elementary_split,allow,allow,1.398963970132172,
libeer_matched_fold4,injected_contract_fixture_not_upstream_defect,LibEER,resource_contract,allow,allow,2.162219025194645,
libeer_unequal_calibration_fold4,injected_contract_fixture_not_upstream_defect,LibEER,elementary_split,block,allow,1.3517109910026193,
libeer_unequal_calibration_fold4,injected_contract_fixture_not_upstream_defect,LibEER,resource_contract,block,block,2.1661350037902594,matched_calibration_trial_uids
libeer_unequal_population_labels_fold4,injected_contract_fixture_not_upstream_defect,LibEER,elementary_split,block,allow,1.3328719651326537,
libeer_unequal_population_labels_fold4,injected_contract_fixture_not_upstream_defect,LibEER,resource_contract,block,block,2.041202038526535,matched_population_label_trial_uids
libeer_different_evaluation_support_fold4,injected_contract_fixture_not_upstream_defect,LibEER,elementary_split,block,allow,1.3533029705286026,
libeer_different_evaluation_support_fold4,injected_contract_fixture_not_upstream_defect,LibEER,resource_contract,block,block,2.1697100019082427,matched_evaluation_trial_uids
libeer_missing_provenance_fold4,injected_contract_fixture_not_upstream_defect,LibEER,elementary_split,unverifiable,allow,1.3640500837936997,
libeer_missing_provenance_fold4,injected_contract_fixture_not_upstream_defect,LibEER,resource_contract,unverifiable,unverifiable,1.3628280721604824,
libeer_compound_fit_and_support_fold4,injected_contract_fixture_not_upstream_defect,LibEER,elementary_split,block,allow,1.3264119625091553,
libeer_compound_fit_and_support_fold4,injected_contract_fixture_not_upstream_defect,LibEER,resource_contract,block,block,2.196921966969967,preprocessing_test_exclusion;subject_preprocessing_selection_holdout;fixed_evaluation_support
libeer_selection_test_not_declared_as_validation_fold4,injected_contract_fixture_not_upstream_defect,LibEER,elementary_split,block,allow,1.3628480955958366,
libeer_selection_test_not_declared_as_validation_fold4,injected_contract_fixture_not_upstream_defect,LibEER,resource_contract,block,block,2.468409948050976,model_selection_test_exclusion;subject_preprocessing_selection_holdout
eegain_matched_fold4,injected_contract_fixture_not_upstream_defect,EEGain,elementary_split,allow,allow,1.4488400192931294,
eegain_matched_fold4,injected_contract_fixture_not_upstream_defect,EEGain,resource_contract,allow,allow,2.255602041259408,
eegain_unequal_calibration_fold4,injected_contract_fixture_not_upstream_defect,EEGain,elementary_split,block,allow,1.370609039440751,
eegain_unequal_calibration_fold4,injected_contract_fixture_not_upstream_defect,EEGain,resource_contract,block,block,2.169740037061274,matched_calibration_trial_uids
eegain_unequal_population_labels_fold4,injected_contract_fixture_not_upstream_defect,EEGain,elementary_split,block,allow,1.3902499340474606,
eegain_unequal_population_labels_fold4,injected_contract_fixture_not_upstream_defect,EEGain,resource_contract,block,block,2.0694659324362874,matched_population_label_trial_uids
eegain_different_evaluation_support_fold4,injected_contract_fixture_not_upstream_defect,EEGain,elementary_split,block,allow,1.3815159909427166,
eegain_different_evaluation_support_fold4,injected_contract_fixture_not_upstream_defect,EEGain,resource_contract,block,block,2.2078879410400987,matched_evaluation_trial_uids
eegain_missing_provenance_fold4,injected_contract_fixture_not_upstream_defect,EEGain,elementary_split,unverifiable,allow,1.383870025165379,
eegain_missing_provenance_fold4,injected_contract_fixture_not_upstream_defect,EEGain,resource_contract,unverifiable,unverifiable,1.3792429817840457,
eegain_compound_fit_and_support_fold4,injected_contract_fixture_not_upstream_defect,EEGain,elementary_split,block,allow,1.420176005922258,
eegain_compound_fit_and_support_fold4,injected_contract_fixture_not_upstream_defect,EEGain,resource_contract,block,block,2.23651307169348,preprocessing_test_exclusion;subject_preprocessing_selection_holdout;fixed_evaluation_support
eegain_selection_test_not_declared_as_validation_fold4,injected_contract_fixture_not_upstream_defect,EEGain,elementary_split,block,allow,1.4211279340088367,
eegain_selection_test_not_declared_as_validation_fold4,injected_contract_fixture_not_upstream_defect,EEGain,resource_contract,block,block,2.1607670933008194,model_selection_test_exclusion;subject_preprocessing_selection_holdout
