participants,stimuli,density,noise_sd,scenario,method,participant_dose,stimulus_dose,replicates,coverage,coverage_mc_low,coverage_mc_high,truth,bias,empirical_sd,mean_bootstrap_sd,bootstrap_bias,miss_below,miss_above,positive_rate,mean_width
8,6,0.25,0.5,independent_noise,basic,0,0,298,0.8825503355704698,0.8410361548512393,0.9143272763049861,0.0,0.004459679620021453,0.15526219912404543,0.18148322885724116,0.00350857192409985,0.05704697986577181,0.06040268456375839,0.06040268456375839,0.7102935804978873
8,6,0.25,0.5,independent_noise,basic,0,4,298,0.9295302013422819,0.89467774886693,0.9534496124312879,-0.06361033150224715,0.011834436673214332,0.12243857114691442,0.15814058231144615,0.012966105886063596,0.03355704697986577,0.03691275167785235,0.013422818791946308,0.6247369609766381
8,6,0.25,0.5,independent_noise,basic,4,0,298,0.959731543624161,0.9309441775912461,0.9768171387982525,-0.06422696440209569,0.0005406223633275313,0.12445035795052997,0.15984980984742228,0.011912129809214765,0.030201342281879196,0.010067114093959731,0.006711409395973154,0.6327938643338663
8,6,0.25,0.5,independent_noise,basic,4,4,298,0.9731543624161074,0.94792987313806,0.9863354232920082,-0.08253408867849599,0.002497167618874817,0.09738842559514506,0.14095759465929963,0.007661240564585557,0.016778523489932886,0.010067114093959731,0.0,0.5623729310164377
8,6,0.25,0.5,independent_noise,normal_t,0,0,298,1.0,0.9872732565112067,0.9999999999999999,0.0,0.004459679620021453,0.15526219912404543,0.18148322885724116,0.00350857192409985,0.0,0.0,0.0,0.986595558654769
8,6,0.25,0.5,independent_noise,normal_t,0,4,298,1.0,0.9872732565112067,0.9999999999999999,-0.06361033150224715,0.011834436673214332,0.12243857114691442,0.15814058231144615,0.012966105886063596,0.0,0.0,0.0,0.8601607488486542
8,6,0.25,0.5,independent_noise,normal_t,4,0,298,1.0,0.9872732565112067,0.9999999999999999,-0.06422696440209569,0.0005406223633275313,0.12445035795052997,0.15984980984742228,0.011912129809214765,0.0,0.0,0.0,0.8689788903630948
8,6,0.25,0.5,independent_noise,normal_t,4,4,298,1.0,0.9872732565112067,0.9999999999999999,-0.08253408867849599,0.002497167618874817,0.09738842559514506,0.14095759465929963,0.007661240564585557,0.0,0.0,0.0,0.7684607364230303
8,6,0.25,0.5,independent_noise,percentile,0,0,298,1.0,0.9872732565112067,0.9999999999999999,0.0,0.004459679620021453,0.15526219912404543,0.18148322885724116,0.00350857192409985,0.0,0.0,0.0,0.7102935804978873
8,6,0.25,0.5,independent_noise,percentile,0,4,298,0.9966442953020134,0.9812398715859647,0.9994073899150995,-0.06361033150224715,0.011834436673214332,0.12243857114691442,0.15814058231144615,0.012966105886063596,0.0,0.003355704697986577,0.0,0.6247369609766381
8,6,0.25,0.5,independent_noise,percentile,4,0,298,0.9966442953020134,0.9812398715859647,0.9994073899150995,-0.06422696440209569,0.0005406223633275313,0.12445035795052997,0.15984980984742228,0.011912129809214765,0.0,0.003355704697986577,0.0,0.6327938643338662
8,6,0.25,0.5,independent_noise,percentile,4,4,298,0.9932885906040269,0.9758637106425548,0.9981575558483672,-0.08253408867849599,0.002497167618874817,0.09738842559514506,0.14095759465929963,0.007661240564585557,0.0,0.006711409395973154,0.0,0.5623729310164377
8,6,0.25,0.5,labels_only,basic,0,0,298,1.0,0.9872732565112067,0.9999999999999999,0.0,0.0,0.0,0.0,0.0,0.0,0.0,0.0,0.0
8,6,0.25,0.5,labels_only,basic,0,4,298,1.0,0.9872732565112067,0.9999999999999999,0.0,0.0,0.0,0.0,0.0,0.0,0.0,0.0,0.0
8,6,0.25,0.5,labels_only,basic,4,0,298,1.0,0.9872732565112067,0.9999999999999999,0.0,0.0,0.0,0.0,0.0,0.0,0.0,0.0,0.0
8,6,0.25,0.5,labels_only,basic,4,4,298,1.0,0.9872732565112067,0.9999999999999999,0.0,0.0,0.0,0.0,0.0,0.0,0.0,0.0,0.0
8,6,0.25,0.5,labels_only,normal_t,0,0,298,1.0,0.9872732565112067,0.9999999999999999,0.0,0.0,0.0,0.0,0.0,0.0,0.0,0.0,0.0
8,6,0.25,0.5,labels_only,normal_t,0,4,298,1.0,0.9872732565112067,0.9999999999999999,0.0,0.0,0.0,0.0,0.0,0.0,0.0,0.0,0.0
8,6,0.25,0.5,labels_only,normal_t,4,0,298,1.0,0.9872732565112067,0.9999999999999999,0.0,0.0,0.0,0.0,0.0,0.0,0.0,0.0,0.0
8,6,0.25,0.5,labels_only,normal_t,4,4,298,1.0,0.9872732565112067,0.9999999999999999,0.0,0.0,0.0,0.0,0.0,0.0,0.0,0.0,0.0
8,6,0.25,0.5,labels_only,percentile,0,0,298,1.0,0.9872732565112067,0.9999999999999999,0.0,0.0,0.0,0.0,0.0,0.0,0.0,0.0,0.0
8,6,0.25,0.5,labels_only,percentile,0,4,298,1.0,0.9872732565112067,0.9999999999999999,0.0,0.0,0.0,0.0,0.0,0.0,0.0,0.0,0.0
8,6,0.25,0.5,labels_only,percentile,4,0,298,1.0,0.9872732565112067,0.9999999999999999,0.0,0.0,0.0,0.0,0.0,0.0,0.0,0.0,0.0
8,6,0.25,0.5,labels_only,percentile,4,4,298,1.0,0.9872732565112067,0.9999999999999999,0.0,0.0,0.0,0.0,0.0,0.0,0.0,0.0,0.0
8,6,0.25,0.5,participant_constant,basic,0,0,298,0.8590604026845637,0.8149713665109867,0.8940100995742423,0.4622641509433961,-0.06665162769534756,0.1618533782583495,0.18618281995442706,-0.08911369279492565,0.0436241610738255,0.09731543624161074,0.7986577181208053,0.7078829701219734
8,6,0.25,0.5,participant_constant,basic,0,4,298,0.8859060402684564,0.844793937119294,0.9171954890470738,0.24301378298708698,0.028527105948754787,0.14416225063946522,0.1710046961309038,-0.028009872862980723,0.03355704697986577,0.08053691275167785,0.41946308724832215,0.6719627000694036
8,6,0.25,0.5,participant_constant,basic,4,0,298,1.0,0.9872732565112067,0.9999999999999999,0.0,-1.1642439436085954e-18,5.123069243666612e-17,1.0407691509930892e-16,-8.161653896920687e-20,0.0,0.0,0.0,2.7001187523940235e-16
8,6,0.25,0.5,participant_constant,basic,4,4,298,1.0,0.9872732565112067,0.9999999999999999,0.0,-7.45116123909501e-19,8.512723408286396e-17,1.772697081746207e-16,-6.806904300458631e-19,0.0,0.0,0.0,4.566714852096266e-16
8,6,0.25,0.5,participant_constant,normal_t,0,0,298,0.9832214765100671,0.9613308139889923,0.9928124674715028,0.4622641509433961,-0.06665162769534756,0.1618533782583495,0.18618281995442706,-0.08911369279492565,0.016778523489932886,0.0,0.29194630872483224,1.0147473393511144
8,6,0.25,0.5,participant_constant,normal_t,0,4,298,0.9932885906040269,0.9758637106425548,0.9981575558483672,0.24301378298708698,0.028527105948754787,0.14416225063946522,0.1710046961309038,-0.028009872862980723,0.003355704697986577,0.003355704697986577,0.09731543624161074,0.9319690488350083
8,6,0.25,0.5,participant_constant,normal_t,4,0,298,1.0,0.9872732565112067,0.9999999999999999,0.0,-1.1642439436085954e-18,5.123069243666612e-17,1.0407691509930892e-16,-8.161653896920687e-20,0.0,0.0,0.0,5.619341359445815e-16
8,6,0.25,0.5,participant_constant,normal_t,4,4,298,1.0,0.9872732565112067,0.9999999999999999,0.0,-7.45116123909501e-19,8.512723408286396e-17,1.772697081746207e-16,-6.806904300458631e-19,0.0,0.0,0.0,9.651403957421365e-16
8,6,0.25,0.5,participant_constant,percentile,0,0,298,0.8825503355704698,0.8410361548512393,0.9143272763049861,0.4622641509433961,-0.06665162769534756,0.1618533782583495,0.18618281995442706,-0.08911369279492565,0.1174496644295302,0.0,0.15100671140939598,0.7078829701219734
8,6,0.25,0.5,participant_constant,percentile,0,4,298,0.9966442953020134,0.9812398715859647,0.9994073899150995,0.24301378298708698,0.028527105948754787,0.14416225063946522,0.1710046961309038,-0.028009872862980723,0.003355704697986577,0.0,0.17785234899328858,0.6719627000694036
8,6,0.25,0.5,participant_constant,percentile,4,0,298,1.0,0.9872732565112067,0.9999999999999999,0.0,-1.1642439436085954e-18,5.123069243666612e-17,1.0407691509930892e-16,-8.161653896920687e-20,0.0,0.0,0.0,2.7001187523940235e-16
8,6,0.25,0.5,participant_constant,percentile,4,4,298,1.0,0.9872732565112067,0.9999999999999999,0.0,-7.45116123909501e-19,8.512723408286396e-17,1.772697081746207e-16,-6.806904300458631e-19,0.0,0.0,0.0,4.566714852096266e-16
8,6,0.25,0.5,trial_signal,basic,0,0,298,0.889261744966443,0.8485612105897743,0.9200542105867356,0.26595744680851063,-0.015316628632208085,0.13020104107403685,0.1636596426966828,-0.05009618544309211,0.0436241610738255,0.06711409395973154,0.5536912751677853,0.6336190332374723
8,6,0.25,0.5,trial_signal,basic,0,4,298,0.9463087248322147,0.9145731491441628,0.9666841872047666,0.134738851526218,0.021729389012374138,0.10142941955974086,0.1378641991838168,-0.014617535595709918,0.006711409395973154,0.04697986577181208,0.24161073825503357,0.5425305049196577
8,6,0.25,0.5,trial_signal,basic,4,0,298,0.9295302013422819,0.89467774886693,0.9534496124312879,0.16339312385599758,0.004721003307232238,0.11462457330613815,0.1495901543890835,-0.022140147792147017,0.02348993288590604,0.04697986577181208,0.23154362416107382,0.5930794989367415
8,6,0.25,0.5,trial_signal,basic,4,4,298,0.959731543624161,0.9309441775912461,0.9768171387982525,0.10669494409970404,0.023500821770114613,0.08457567357269291,0.12879577064579392,-0.0028579965217593265,0.013422818791946308,0.026845637583892617,0.09731543624161074,0.5105349067543765
8,6,0.25,0.5,trial_signal,normal_t,0,0,298,0.9899328859060402,0.970824791888958,0.9965704795918217,0.26595744680851063,-0.015316628632208085,0.13020104107403685,0.1636596426966828,-0.05009618544309211,0.010067114093959731,0.0,0.08389261744966443,0.8893361663042286
8,6,0.25,0.5,trial_signal,normal_t,0,4,298,0.9966442953020134,0.9812398715859647,0.9994073899150995,0.134738851526218,0.021729389012374138,0.10142941955974086,0.1378641991838168,-0.014617535595709918,0.003355704697986577,0.0,0.026845637583892617,0.7497913079081704
8,6,0.25,0.5,trial_signal,normal_t,4,0,298,0.9966442953020134,0.9812398715859647,0.9994073899150995,0.16339312385599758,0.004721003307232238,0.11462457330613815,0.1495901543890835,-0.022140147792147017,0.003355704697986577,0.0,0.030201342281879196,0.813841335832884
8,6,0.25,0.5,trial_signal,normal_t,4,4,298,1.0,0.9872732565112067,0.9999999999999999,0.10669494409970404,0.023500821770114613,0.08457567357269291,0.12879577064579392,-0.0028579965217593265,0.0,0.0,0.016778523489932886,0.701863186330268
8,6,0.25,0.5,trial_signal,percentile,0,0,298,0.959731543624161,0.9309441775912461,0.9768171387982525,0.26595744680851063,-0.015316628632208085,0.13020104107403685,0.1636596426966828,-0.05009618544309211,0.040268456375838924,0.0,0.06040268456375839,0.6336190332374723
8,6,0.25,0.5,trial_signal,percentile,0,4,298,0.9899328859060402,0.970824791888958,0.9965704795918217,0.134738851526218,0.021729389012374138,0.10142941955974086,0.1378641991838168,-0.014617535595709918,0.010067114093959731,0.0,0.05704697986577181,0.5425305049196577
8,6,0.25,0.5,trial_signal,percentile,4,0,298,0.9899328859060402,0.970824791888958,0.9965704795918217,0.16339312385599758,0.004721003307232238,0.11462457330613815,0.1495901543890835,-0.022140147792147017,0.010067114093959731,0.0,0.040268456375838924,0.5930794989367413
8,6,0.25,0.5,trial_signal,percentile,4,4,298,1.0,0.9872732565112067,0.9999999999999999,0.10669494409970404,0.023500821770114613,0.08457567357269291,0.12879577064579392,-0.0028579965217593265,0.0,0.0,0.06375838926174497,0.5105349067543765
8,6,0.25,1.5,independent_noise,basic,0,0,298,0.8993288590604027,0.8599237859558929,0.9285696202510442,0.0,-0.001605187366391971,0.12193453632477093,0.1513839759245009,0.005894359154012347,0.050335570469798654,0.050335570469798654,0.050335570469798654,0.5970252027319665
8,6,0.25,1.5,independent_noise,basic,0,4,298,0.9228187919463087,0.8868532237492394,0.9480221475286937,-0.017078301259399603,0.004190616230703517,0.09276067821847896,0.12311197700108113,0.004912538840424842,0.03691275167785235,0.040268456375838924,0.030201342281879196,0.4864369833021047
8,6,0.25,1.5,independent_noise,basic,4,0,298,0.9395973154362416,0.906550967009927,0.9614543793187178,-0.01678959045391859,-0.0007766225297062421,0.09930414822966824,0.126127341013623,0.006232317826461993,0.030201342281879196,0.030201342281879196,0.013422818791946308,0.4974700077958934
8,6,0.25,1.5,independent_noise,basic,4,4,298,0.9664429530201343,0.9393411078100721,0.9816721985997116,-0.0239704823661836,0.004603962357628268,0.08366674858550893,0.1084537687956604,0.00478481193203866,0.016778523489932886,0.016778523489932886,0.010067114093959731,0.42773166260371953
8,6,0.25,1.5,independent_noise,normal_t,0,0,298,1.0,0.9872732565112067,0.9999999999999999,0.0,-0.001605187366391971,0.12193453632477093,0.1513839759245009,0.005894359154012347,0.0,0.0,0.0,0.8233188004662509
8,6,0.25,1.5,independent_noise,normal_t,0,4,298,1.0,0.9872732565112067,0.9999999999999999,-0.017078301259399603,0.004190616230703517,0.09276067821847896,0.12311197700108113,0.004912538840424842,0.0,0.0,0.0,0.6688631936337582
8,6,0.25,1.5,independent_noise,normal_t,4,0,298,1.0,0.9872732565112067,0.9999999999999999,-0.01678959045391859,-0.0007766225297062421,0.09930414822966824,0.126127341013623,0.006232317826461993,0.0,0.0,0.0,0.6855982188245612
8,6,0.25,1.5,independent_noise,normal_t,4,4,298,1.0,0.9872732565112067,0.9999999999999999,-0.0239704823661836,0.004603962357628268,0.08366674858550893,0.1084537687956604,0.00478481193203866,0.0,0.0,0.0,0.5894889747858071
8,6,0.25,1.5,independent_noise,percentile,0,0,298,0.9966442953020134,0.9812398715859647,0.9994073899150995,0.0,-0.001605187366391971,0.12193453632477093,0.1513839759245009,0.005894359154012347,0.003355704697986577,0.0,0.0,0.5970252027319665
8,6,0.25,1.5,independent_noise,percentile,0,4,298,1.0,0.9872732565112067,0.9999999999999999,-0.017078301259399603,0.004190616230703517,0.09276067821847896,0.12311197700108113,0.004912538840424842,0.0,0.0,0.0,0.48643698330210483
8,6,0.25,1.5,independent_noise,percentile,4,0,298,1.0,0.9872732565112067,0.9999999999999999,-0.01678959045391859,-0.0007766225297062421,0.09930414822966824,0.126127341013623,0.006232317826461993,0.0,0.0,0.0,0.4974700077958934
8,6,0.25,1.5,independent_noise,percentile,4,4,298,1.0,0.9872732565112067,0.9999999999999999,-0.0239704823661836,0.004603962357628268,0.08366674858550893,0.1084537687956604,0.00478481193203866,0.0,0.0,0.0,0.42773166260371953
8,6,0.25,1.5,labels_only,basic,0,0,298,1.0,0.9872732565112067,0.9999999999999999,0.0,0.0,0.0,0.0,0.0,0.0,0.0,0.0,0.0
8,6,0.25,1.5,labels_only,basic,0,4,298,1.0,0.9872732565112067,0.9999999999999999,0.0,0.0,0.0,0.0,0.0,0.0,0.0,0.0,0.0
8,6,0.25,1.5,labels_only,basic,4,0,298,1.0,0.9872732565112067,0.9999999999999999,0.0,0.0,0.0,0.0,0.0,0.0,0.0,0.0,0.0
8,6,0.25,1.5,labels_only,basic,4,4,298,1.0,0.9872732565112067,0.9999999999999999,0.0,0.0,0.0,0.0,0.0,0.0,0.0,0.0,0.0
8,6,0.25,1.5,labels_only,normal_t,0,0,298,1.0,0.9872732565112067,0.9999999999999999,0.0,0.0,0.0,0.0,0.0,0.0,0.0,0.0,0.0
8,6,0.25,1.5,labels_only,normal_t,0,4,298,1.0,0.9872732565112067,0.9999999999999999,0.0,0.0,0.0,0.0,0.0,0.0,0.0,0.0,0.0
8,6,0.25,1.5,labels_only,normal_t,4,0,298,1.0,0.9872732565112067,0.9999999999999999,0.0,0.0,0.0,0.0,0.0,0.0,0.0,0.0,0.0
8,6,0.25,1.5,labels_only,normal_t,4,4,298,1.0,0.9872732565112067,0.9999999999999999,0.0,0.0,0.0,0.0,0.0,0.0,0.0,0.0,0.0
8,6,0.25,1.5,labels_only,percentile,0,0,298,1.0,0.9872732565112067,0.9999999999999999,0.0,0.0,0.0,0.0,0.0,0.0,0.0,0.0,0.0
8,6,0.25,1.5,labels_only,percentile,0,4,298,1.0,0.9872732565112067,0.9999999999999999,0.0,0.0,0.0,0.0,0.0,0.0,0.0,0.0,0.0
8,6,0.25,1.5,labels_only,percentile,4,0,298,1.0,0.9872732565112067,0.9999999999999999,0.0,0.0,0.0,0.0,0.0,0.0,0.0,0.0,0.0
8,6,0.25,1.5,labels_only,percentile,4,4,298,1.0,0.9872732565112067,0.9999999999999999,0.0,0.0,0.0,0.0,0.0,0.0,0.0,0.0,0.0
8,6,0.25,1.5,participant_constant,basic,0,0,298,0.8791946308724832,0.8372875222463285,0.9114499138997543,0.23786407766990286,-0.03701553542222699,0.13454880578159603,0.15431579691143685,-0.04740211033939872,0.05704697986577181,0.06375838926174497,0.4395973154362416,0.5952659354067796
8,6,0.25,1.5,participant_constant,basic,0,4,298,0.9060402684563759,0.8675538144858208,0.9341915817414008,0.15524239831493086,-0.011528222284518433,0.10866840838256303,0.12990906893930146,-0.03017438009172571,0.053691275167785234,0.040268456375838924,0.2953020134228188,0.5059770184736331
8,6,0.25,1.5,participant_constant,basic,4,0,298,1.0,0.9872732565112067,0.9999999999999999,0.0,1.9210025069541825e-18,3.171354384335871e-17,5.0801513473763917e-17,-4.863517133961172e-19,0.0,0.0,0.0,1.616659283920081e-16
8,6,0.25,1.5,participant_constant,basic,4,4,298,1.0,0.9872732565112067,0.9999999999999999,0.0,-3.4228771942092704e-18,4.655706869665072e-17,1.0752183937854043e-16,4.180741783558297e-18,0.0,0.0,0.0,2.975395668568518e-16
8,6,0.25,1.5,participant_constant,normal_t,0,0,298,0.9899328859060402,0.970824791888958,0.9965704795918217,0.23786407766990286,-0.03701553542222699,0.13454880578159603,0.15431579691143685,-0.04740211033939872,0.010067114093959731,0.0,0.0436241610738255,0.8400944817274492
8,6,0.25,1.5,participant_constant,normal_t,0,4,298,1.0,0.9872732565112067,0.9999999999999999,0.15524239831493086,-0.011528222284518433,0.10866840838256303,0.12990906893930146,-0.03017438009172571,0.0,0.0,0.02348993288590604,0.7070865833267964
8,6,0.25,1.5,participant_constant,normal_t,4,0,298,1.0,0.9872732565112067,0.9999999999999999,0.0,1.9210025069541825e-18,3.171354384335871e-17,5.0801513473763917e-17,-4.863517133961172e-19,0.0,0.0,0.0,2.7476331074368077e-16
8,6,0.25,1.5,participant_constant,normal_t,4,4,298,1.0,0.9872732565112067,0.9999999999999999,0.0,-3.4228771942092704e-18,4.655706869665072e-17,1.0752183937854043e-16,4.180741783558297e-18,0.0,0.0,0.0,5.8629450512073e-16
8,6,0.25,1.5,participant_constant,percentile,0,0,298,0.9463087248322147,0.9145731491441628,0.9666841872047666,0.23786407766990286,-0.03701553542222699,0.13454880578159603,0.15431579691143685,-0.04740211033939872,0.053691275167785234,0.0,0.030201342281879196,0.5952659354067796
8,6,0.25,1.5,participant_constant,percentile,0,4,298,0.9832214765100671,0.9613308139889923,0.9928124674715028,0.15524239831493086,-0.011528222284518433,0.10866840838256303,0.12990906893930146,-0.03017438009172571,0.016778523489932886,0.0,0.03355704697986577,0.5059770184736331
8,6,0.25,1.5,participant_constant,percentile,4,0,298,1.0,0.9872732565112067,0.9999999999999999,0.0,1.9210025069541825e-18,3.171354384335871e-17,5.0801513473763917e-17,-4.863517133961172e-19,0.0,0.0,0.0,1.616659283920081e-16
8,6,0.25,1.5,participant_constant,percentile,4,4,298,1.0,0.9872732565112067,0.9999999999999999,0.0,-3.4228771942092704e-18,4.655706869665072e-17,1.0752183937854043e-16,4.180741783558297e-18,0.0,0.0,0.0,2.975395668568518e-16
8,6,0.25,1.5,trial_signal,basic,0,0,298,0.9362416107382551,0.9025734036136731,0.9588059477048295,0.1288659793814433,-0.013199244414334815,0.10129904292274551,0.12993379086900766,-0.02257572162896599,0.02348993288590604,0.040268456375838924,0.24496644295302014,0.5139767629060928
8,6,0.25,1.5,trial_signal,basic,0,4,298,0.9395973154362416,0.906550967009927,0.9614543793187178,0.08281408993534495,-0.0018670528572004709,0.08002672878644353,0.10244376120441308,-0.014585746964967339,0.02348993288590604,0.03691275167785235,0.1610738255033557,0.4025635683040884
8,6,0.25,1.5,trial_signal,basic,4,0,298,0.9228187919463087,0.8868532237492394,0.9480221475286937,0.09082733947956687,-0.009521123036555612,0.08968577428541011,0.11249385442852211,-0.015989304506404706,0.026845637583892617,0.050335570469798654,0.18456375838926176,0.4400425027397003
8,6,0.25,1.5,trial_signal,basic,4,4,298,0.9496644295302014,0.9186214651265532,0.9692618662325188,0.06676819847260845,-0.0018288606330781499,0.0729628012923278,0.09463041831080148,-0.012013410923158777,0.016778523489932886,0.03355704697986577,0.15771812080536912,0.37048268006831436
8,6,0.25,1.5,trial_signal,normal_t,0,0,298,1.0,0.9872732565112067,0.9999999999999999,0.1288659793814433,-0.013199244414334815,0.10129904292274551,0.12993379086900766,-0.02257572162896599,0.0,0.0,0.02348993288590604,0.7066686194775503
8,6,0.25,1.5,trial_signal,normal_t,0,4,298,0.9966442953020134,0.9812398715859647,0.9994073899150995,0.08281408993534495,-0.0018670528572004709,0.08002672878644353,0.10244376120441308,-0.014585746964967339,0.003355704697986577,0.0,0.010067114093959731,0.5562886991314049
8,6,0.25,1.5,trial_signal,normal_t,4,0,298,1.0,0.9872732565112067,0.9999999999999999,0.09082733947956687,-0.009521123036555612,0.08968577428541011,0.11249385442852211,-0.015989304506404706,0.0,0.0,0.003355704697986577,0.6125513203154966
8,6,0.25,1.5,trial_signal,normal_t,4,4,298,1.0,0.9872732565112067,0.9999999999999999,0.06676819847260845,-0.0018288606330781499,0.0729628012923278,0.09463041831080148,-0.012013410923158777,0.0,0.0,0.006711409395973154,0.5146349369862011
8,6,0.25,1.5,trial_signal,percentile,0,0,298,0.9899328859060402,0.970824791888958,0.9965704795918217,0.1288659793814433,-0.013199244414334815,0.10129904292274551,0.12993379086900766,-0.02257572162896599,0.010067114093959731,0.0,0.020134228187919462,0.5139767629060928
8,6,0.25,1.5,trial_signal,percentile,0,4,298,0.9932885906040269,0.9758637106425548,0.9981575558483672,0.08281408993534495,-0.0018670528572004709,0.08002672878644353,0.10244376120441308,-0.014585746964967339,0.006711409395973154,0.0,0.020134228187919462,0.4025635683040884
8,6,0.25,1.5,trial_signal,percentile,4,0,298,0.9899328859060402,0.970824791888958,0.9965704795918217,0.09082733947956687,-0.009521123036555612,0.08968577428541011,0.11249385442852211,-0.015989304506404706,0.010067114093959731,0.0,0.020134228187919462,0.4400425027397003
8,6,0.25,1.5,trial_signal,percentile,4,4,298,0.9966442953020134,0.9812398715859647,0.9994073899150995,0.06676819847260845,-0.0018288606330781499,0.0729628012923278,0.09463041831080148,-0.012013410923158777,0.003355704697986577,0.0,0.02348993288590604,0.37048268006831436
8,6,1.0,0.5,independent_noise,basic,0,0,300,0.9733333333333334,0.9482710570494102,0.9864269301913529,0.0,-0.0007637073440680861,0.0735628874530356,0.10657909619727796,0.0008533288915723044,0.01,0.016666666666666666,0.016666666666666666,0.4182065033750647
8,6,1.0,0.5,independent_noise,basic,0,4,300,0.9933333333333333,0.9760224167496929,0.998169851642088,-0.06361033150224715,0.00824723460636024,0.05748160653011732,0.08744655842631499,0.004251544948041202,0.0033333333333333335,0.0033333333333333335,0.0,0.34463118483308575
8,6,1.0,0.5,independent_noise,basic,4,0,300,0.9933333333333333,0.9760224167496929,0.998169851642088,-0.06422696440209569,0.0030051691028283208,0.06330201315226029,0.08893452995429459,0.0026775734768855254,0.006666666666666667,0.0,0.0,0.3504877773865845
8,6,1.0,0.5,independent_noise,basic,4,4,300,0.9933333333333333,0.9760224167496929,0.998169851642088,-0.08253408867849599,0.00033869068115365534,0.04677594470358159,0.07138351744930793,-2.6355884906365903e-05,0.0033333333333333335,0.0033333333333333335,0.0,0.2820444683077236
8,6,1.0,0.5,independent_noise,normal_t,0,0,300,1.0,0.9873570287754538,0.9999999999999998,0.0,-0.0007637073440680861,0.0735628874530356,0.10657909619727796,0.0008533288915723044,0.0,0.0,0.0,0.5479405774865163
8,6,1.0,0.5,independent_noise,normal_t,0,4,300,1.0,0.9873570287754538,0.9999999999999998,-0.06361033150224715,0.00824723460636024,0.05748160653011732,0.08744655842631499,0.004251544948041202,0.0,0.0,0.0,0.44957706935919
8,6,1.0,0.5,independent_noise,normal_t,4,0,300,1.0,0.9873570287754538,0.9999999999999998,-0.06422696440209569,0.0030051691028283208,0.06330201315226029,0.08893452995429459,0.0026775734768855254,0.0,0.0,0.0,0.4572269745227268
8,6,1.0,0.5,independent_noise,normal_t,4,4,300,1.0,0.9873570287754538,0.9999999999999998,-0.08253408867849599,0.00033869068115365534,0.04677594470358159,0.07138351744930793,-2.6355884906365903e-05,0.0,0.0,0.0,0.36699434663803776
8,6,1.0,0.5,independent_noise,percentile,0,0,300,1.0,0.9873570287754538,0.9999999999999998,0.0,-0.0007637073440680861,0.0735628874530356,0.10657909619727796,0.0008533288915723044,0.0,0.0,0.0,0.4182065033750647
8,6,1.0,0.5,independent_noise,percentile,0,4,300,1.0,0.9873570287754538,0.9999999999999998,-0.06361033150224715,0.00824723460636024,0.05748160653011732,0.08744655842631499,0.004251544948041202,0.0,0.0,0.0,0.34463118483308575
8,6,1.0,0.5,independent_noise,percentile,4,0,300,1.0,0.9873570287754538,0.9999999999999998,-0.06422696440209569,0.0030051691028283208,0.06330201315226029,0.08893452995429459,0.0026775734768855254,0.0,0.0,0.0,0.35048777738658454
8,6,1.0,0.5,independent_noise,percentile,4,4,300,0.9966666666666667,0.9813633063054688,0.9994113422781488,-0.08253408867849599,0.00033869068115365534,0.04677594470358159,0.07138351744930793,-2.6355884906365903e-05,0.0,0.0033333333333333335,0.0,0.2820444683077236
8,6,1.0,0.5,labels_only,basic,0,0,300,1.0,0.9873570287754538,0.9999999999999998,0.0,0.0,0.0,0.0,0.0,0.0,0.0,0.0,0.0
8,6,1.0,0.5,labels_only,basic,0,4,300,1.0,0.9873570287754538,0.9999999999999998,0.0,0.0,0.0,0.0,0.0,0.0,0.0,0.0,0.0
8,6,1.0,0.5,labels_only,basic,4,0,300,1.0,0.9873570287754538,0.9999999999999998,0.0,0.0,0.0,0.0,0.0,0.0,0.0,0.0,0.0
8,6,1.0,0.5,labels_only,basic,4,4,300,1.0,0.9873570287754538,0.9999999999999998,0.0,0.0,0.0,0.0,0.0,0.0,0.0,0.0,0.0
8,6,1.0,0.5,labels_only,normal_t,0,0,300,1.0,0.9873570287754538,0.9999999999999998,0.0,0.0,0.0,0.0,0.0,0.0,0.0,0.0,0.0
8,6,1.0,0.5,labels_only,normal_t,0,4,300,1.0,0.9873570287754538,0.9999999999999998,0.0,0.0,0.0,0.0,0.0,0.0,0.0,0.0,0.0
8,6,1.0,0.5,labels_only,normal_t,4,0,300,1.0,0.9873570287754538,0.9999999999999998,0.0,0.0,0.0,0.0,0.0,0.0,0.0,0.0,0.0
8,6,1.0,0.5,labels_only,normal_t,4,4,300,1.0,0.9873570287754538,0.9999999999999998,0.0,0.0,0.0,0.0,0.0,0.0,0.0,0.0,0.0
8,6,1.0,0.5,labels_only,percentile,0,0,300,1.0,0.9873570287754538,0.9999999999999998,0.0,0.0,0.0,0.0,0.0,0.0,0.0,0.0,0.0
8,6,1.0,0.5,labels_only,percentile,0,4,300,1.0,0.9873570287754538,0.9999999999999998,0.0,0.0,0.0,0.0,0.0,0.0,0.0,0.0,0.0
8,6,1.0,0.5,labels_only,percentile,4,0,300,1.0,0.9873570287754538,0.9999999999999998,0.0,0.0,0.0,0.0,0.0,0.0,0.0,0.0,0.0
8,6,1.0,0.5,labels_only,percentile,4,4,300,1.0,0.9873570287754538,0.9999999999999998,0.0,0.0,0.0,0.0,0.0,0.0,0.0,0.0,0.0
8,6,1.0,0.5,participant_constant,basic,0,0,300,0.8366666666666667,0.7906268325698749,0.8741935668055973,0.4622641509433961,-0.04445360720308051,0.11174379686298214,0.10202543505289052,-0.038054989776787486,0.09666666666666666,0.06666666666666667,0.99,0.39438444354530516
8,6,1.0,0.5,participant_constant,basic,0,4,300,0.82,0.7725668011129554,0.859341697303335,0.24301378298708698,0.03388023385150961,0.10523663998393816,0.09633796468601387,0.006844689680843823,0.07333333333333333,0.10666666666666667,0.68,0.37384439361106425
8,6,1.0,0.5,participant_constant,basic,4,0,300,1.0,0.9873570287754538,0.9999999999999998,0.0,-1.6884641832840923e-18,5.312045866398415e-17,5.073786108558084e-17,6.828228511818877e-21,0.0,0.0,0.0,2.0588464382427972e-16
8,6,1.0,0.5,participant_constant,basic,4,4,300,1.0,0.9873570287754538,0.9999999999999998,0.0,-2.7755575615628915e-18,8.710784985665401e-17,9.078058919246922e-17,3.0094902948379866e-18,0.0,0.0,0.0,3.662105341195599e-16
8,6,1.0,0.5,participant_constant,normal_t,0,0,300,0.94,0.9071605548470915,0.9617136304753079,0.4622641509433961,-0.04445360720308051,0.11174379686298214,0.10202543505289052,-0.038054989776787486,0.06,0.0,0.9366666666666666,0.5245294602397059
8,6,1.0,0.5,participant_constant,normal_t,0,4,300,0.9766666666666667,0.9526280277317246,0.9886523397008747,0.24301378298708698,0.03388023385150961,0.10523663998393816,0.09633796468601387,0.006844689680843823,0.0033333333333333335,0.02,0.6,0.49528924420808
8,6,1.0,0.5,participant_constant,normal_t,4,0,300,1.0,0.9873570287754538,0.9999999999999998,0.0,-1.6884641832840923e-18,5.312045866398415e-17,5.073786108558084e-17,6.828228511818877e-21,0.0,0.0,0.0,2.608516481712655e-16
8,6,1.0,0.5,participant_constant,normal_t,4,4,300,1.0,0.9873570287754538,0.9999999999999998,0.0,-2.7755575615628915e-18,8.710784985665401e-17,9.078058919246922e-17,3.0094902948379866e-18,0.0,0.0,0.0,4.667178672130473e-16
8,6,1.0,0.5,participant_constant,percentile,0,0,300,0.8366666666666667,0.7906268325698749,0.8741935668055973,0.4622641509433961,-0.04445360720308051,0.11174379686298214,0.10202543505289052,-0.038054989776787486,0.16333333333333333,0.0,0.9933333333333333,0.3943844435453052
8,6,1.0,0.5,participant_constant,percentile,0,4,300,0.9466666666666667,0.9151308582251686,0.9669080874809034,0.24301378298708698,0.03388023385150961,0.10523663998393816,0.09633796468601387,0.006844689680843823,0.006666666666666667,0.04666666666666667,0.9366666666666666,0.37384439361106425
8,6,1.0,0.5,participant_constant,percentile,4,0,300,1.0,0.9873570287754538,0.9999999999999998,0.0,-1.6884641832840923e-18,5.312045866398415e-17,5.073786108558084e-17,6.828228511818877e-21,0.0,0.0,0.0,2.0588464382427972e-16
8,6,1.0,0.5,participant_constant,percentile,4,4,300,1.0,0.9873570287754538,0.9999999999999998,0.0,-2.7755575615628915e-18,8.710784985665401e-17,9.078058919246922e-17,3.0094902948379866e-18,0.0,0.0,0.0,3.662105341195599e-16
8,6,1.0,0.5,trial_signal,basic,0,0,300,0.91,0.8722229892013517,0.9374097743945206,0.26595744680851063,0.006680736240241012,0.07704175617761638,0.08662781593705042,-0.006670316770133656,0.02,0.07,0.9033333333333333,0.339360082318475
8,6,1.0,0.5,trial_signal,basic,0,4,300,0.95,0.9191529665272558,0.9694683593706526,0.134738851526218,0.0319047769975576,0.0630662944061109,0.07601284063679441,0.014651106122881579,0.016666666666666666,0.03333333333333333,0.4166666666666667,0.2980368542908303
8,6,1.0,0.5,trial_signal,basic,4,0,300,0.9533333333333334,0.923202639772079,0.9720010663176659,0.16339312385599758,0.016754810397949755,0.06707638237615313,0.07752731867521774,0.006074573898977812,0.016666666666666666,0.03,0.5566666666666666,0.30405445079508664
8,6,1.0,0.5,trial_signal,basic,4,4,300,0.9766666666666667,0.9526280277317246,0.9886523397008747,0.10669494409970404,0.021293698141363147,0.04849615579952123,0.06405468075282847,0.015658788291437832,0.01,0.013333333333333334,0.22666666666666666,0.25165327095729606
8,6,1.0,0.5,trial_signal,normal_t,0,0,300,0.9966666666666667,0.9813633063054688,0.9994113422781488,0.26595744680851063,0.006680736240241012,0.07704175617761638,0.08662781593705042,-0.006670316770133656,0.0,0.0033333333333333335,0.6933333333333334,0.4453677802172557
8,6,1.0,0.5,trial_signal,normal_t,0,4,300,0.9866666666666667,0.9662244697474675,0.9948030382606411,0.134738851526218,0.0319047769975576,0.0630662944061109,0.07601284063679441,0.014651106122881579,0.0,0.013333333333333334,0.2866666666666667,0.3907944548321233
8,6,1.0,0.5,trial_signal,normal_t,4,0,300,0.9933333333333333,0.9760224167496929,0.998169851642088,0.16339312385599758,0.016754810397949755,0.06707638237615313,0.07752731867521774,0.006074573898977812,0.0,0.006666666666666667,0.36333333333333334,0.39858063430420554
8,6,1.0,0.5,trial_signal,normal_t,4,4,300,0.9966666666666667,0.9813633063054688,0.9994113422781488,0.10669494409970404,0.021293698141363147,0.04849615579952123,0.06405468075282847,0.015658788291437832,0.0,0.0033333333333333335,0.18666666666666668,0.32931559766140783
8,6,1.0,0.5,trial_signal,percentile,0,0,300,0.9733333333333334,0.9482710570494102,0.9864269301913529,0.26595744680851063,0.006680736240241012,0.07704175617761638,0.08662781593705042,-0.006670316770133656,0.01,0.016666666666666666,0.9133333333333333,0.339360082318475
8,6,1.0,0.5,trial_signal,percentile,0,4,300,0.9333333333333333,0.899276940483885,0.9564324844548417,0.134738851526218,0.0319047769975576,0.0630662944061109,0.07601284063679441,0.014651106122881579,0.0033333333333333335,0.06333333333333334,0.81,0.2980368542908303
8,6,1.0,0.5,trial_signal,percentile,4,0,300,0.97,0.9439774608583589,0.9841381461905676,0.16339312385599758,0.016754810397949755,0.06707638237615313,0.07752731867521774,0.006074573898977812,0.0033333333333333335,0.02666666666666667,0.7433333333333333,0.30405445079508664
8,6,1.0,0.5,trial_signal,percentile,4,4,300,0.9633333333333334,0.9355461518281071,0.979404694837147,0.10669494409970404,0.021293698141363147,0.04849615579952123,0.06405468075282847,0.015658788291437832,0.0,0.03666666666666667,0.82,0.25165327095729606
8,6,1.0,1.5,independent_noise,basic,0,0,300,0.98,0.9570603791821394,0.9908023684422963,0.0,-0.0017270243409635581,0.05810974477969388,0.08388676038543418,0.0011996153657204322,0.01,0.01,0.01,0.3283711842374045
8,6,1.0,1.5,independent_noise,basic,0,4,300,0.9966666666666667,0.9813633063054688,0.9994113422781488,-0.017078301259399603,0.0032143105538107244,0.04754979362528938,0.06875750397903203,0.001848597488743111,0.0,0.0033333333333333335,0.0,0.27095895636568906
8,6,1.0,1.5,independent_noise,basic,4,0,300,0.9933333333333333,0.9760224167496929,0.998169851642088,-0.01678959045391859,0.0013147161715456757,0.05036105260199523,0.07106122287318457,0.0015399183075263867,0.0033333333333333335,0.0033333333333333335,0.0,0.27866329291831626
8,6,1.0,1.5,independent_noise,basic,4,4,300,0.9866666666666667,0.9662244697474675,0.9948030382606411,-0.0239704823661836,0.0034573887201154877,0.04214212942317609,0.05993657850251098,0.0017769636552942495,0.0033333333333333335,0.01,0.0,0.23583614066930467
8,6,1.0,1.5,independent_noise,normal_t,0,0,300,1.0,0.9873570287754538,0.9999999999999998,0.0,-0.0017270243409635581,0.05810974477969388,0.08388676038543418,0.0011996153657204322,0.0,0.0,0.0,0.43127556499434616
8,6,1.0,1.5,independent_noise,normal_t,0,4,300,1.0,0.9873570287754538,0.9999999999999998,-0.017078301259399603,0.0032143105538107244,0.04754979362528938,0.06875750397903203,0.001848597488743111,0.0,0.0,0.0,0.3534935815843828
8,6,1.0,1.5,independent_noise,normal_t,4,0,300,1.0,0.9873570287754538,0.9999999999999998,-0.01678959045391859,0.0013147161715456757,0.05036105260199523,0.07106122287318457,0.0015399183075263867,0.0,0.0,0.0,0.36533737747182415
8,6,1.0,1.5,independent_noise,normal_t,4,4,300,1.0,0.9873570287754538,0.9999999999999998,-0.0239704823661836,0.0034573887201154877,0.04214212942317609,0.05993657850251098,0.0017769636552942495,0.0,0.0,0.0,0.3081437599774895
8,6,1.0,1.5,independent_noise,percentile,0,0,300,1.0,0.9873570287754538,0.9999999999999998,0.0,-0.0017270243409635581,0.05810974477969388,0.08388676038543418,0.0011996153657204322,0.0,0.0,0.0,0.3283711842374045
8,6,1.0,1.5,independent_noise,percentile,0,4,300,0.9966666666666667,0.9813633063054688,0.9994113422781488,-0.017078301259399603,0.0032143105538107244,0.04754979362528938,0.06875750397903203,0.001848597488743111,0.0,0.0033333333333333335,0.0,0.27095895636568906
8,6,1.0,1.5,independent_noise,percentile,4,0,300,0.9966666666666667,0.9813633063054688,0.9994113422781488,-0.01678959045391859,0.0013147161715456757,0.05036105260199523,0.07106122287318457,0.0015399183075263867,0.0,0.0033333333333333335,0.0,0.27866329291831626
8,6,1.0,1.5,independent_noise,percentile,4,4,300,0.9866666666666667,0.9662244697474675,0.9948030382606411,-0.0239704823661836,0.0034573887201154877,0.04214212942317609,0.05993657850251098,0.0017769636552942495,0.0,0.013333333333333334,0.0,0.23583614066930467
8,6,1.0,1.5,labels_only,basic,0,0,300,1.0,0.9873570287754538,0.9999999999999998,0.0,0.0,0.0,0.0,0.0,0.0,0.0,0.0,0.0
8,6,1.0,1.5,labels_only,basic,0,4,300,1.0,0.9873570287754538,0.9999999999999998,0.0,0.0,0.0,0.0,0.0,0.0,0.0,0.0,0.0
8,6,1.0,1.5,labels_only,basic,4,0,300,1.0,0.9873570287754538,0.9999999999999998,0.0,0.0,0.0,0.0,0.0,0.0,0.0,0.0,0.0
8,6,1.0,1.5,labels_only,basic,4,4,300,1.0,0.9873570287754538,0.9999999999999998,0.0,0.0,0.0,0.0,0.0,0.0,0.0,0.0,0.0
8,6,1.0,1.5,labels_only,normal_t,0,0,300,1.0,0.9873570287754538,0.9999999999999998,0.0,0.0,0.0,0.0,0.0,0.0,0.0,0.0,0.0
8,6,1.0,1.5,labels_only,normal_t,0,4,300,1.0,0.9873570287754538,0.9999999999999998,0.0,0.0,0.0,0.0,0.0,0.0,0.0,0.0,0.0
8,6,1.0,1.5,labels_only,normal_t,4,0,300,1.0,0.9873570287754538,0.9999999999999998,0.0,0.0,0.0,0.0,0.0,0.0,0.0,0.0,0.0
8,6,1.0,1.5,labels_only,normal_t,4,4,300,1.0,0.9873570287754538,0.9999999999999998,0.0,0.0,0.0,0.0,0.0,0.0,0.0,0.0,0.0
8,6,1.0,1.5,labels_only,percentile,0,0,300,1.0,0.9873570287754538,0.9999999999999998,0.0,0.0,0.0,0.0,0.0,0.0,0.0,0.0,0.0
8,6,1.0,1.5,labels_only,percentile,0,4,300,1.0,0.9873570287754538,0.9999999999999998,0.0,0.0,0.0,0.0,0.0,0.0,0.0,0.0,0.0
8,6,1.0,1.5,labels_only,percentile,4,0,300,1.0,0.9873570287754538,0.9999999999999998,0.0,0.0,0.0,0.0,0.0,0.0,0.0,0.0,0.0
8,6,1.0,1.5,labels_only,percentile,4,4,300,1.0,0.9873570287754538,0.9999999999999998,0.0,0.0,0.0,0.0,0.0,0.0,0.0,0.0,0.0
8,6,1.0,1.5,participant_constant,basic,0,0,300,0.87,0.8272195707065882,0.9034246305872476,0.23786407766990286,-0.029098906925308282,0.08381844980590293,0.0827953025026657,-0.02345334094673672,0.09666666666666666,0.03333333333333333,0.8033333333333333,0.3212123040861602
8,6,1.0,1.5,participant_constant,basic,0,4,300,0.9133333333333333,0.8760440413057516,0.9401711024819569,0.15524239831493086,-0.002137870837889906,0.07087364112525259,0.07148396668579528,-0.009532745331323684,0.05333333333333334,0.03333333333333333,0.5766666666666667,0.27827339071834706
8,6,1.0,1.5,participant_constant,basic,4,0,300,1.0,0.9873570287754538,0.9999999999999998,0.0,2.6020852139652105e-19,2.6103347968689605e-17,2.6854726482101562e-17,-5.16824400924896e-19,0.0,0.0,0.0,1.124551840536725e-16
8,6,1.0,1.5,participant_constant,basic,4,4,300,1.0,0.9873570287754538,0.9999999999999998,0.0,5.296689013315851e-18,4.76403360848304e-17,5.084087441140185e-17,-4.2327658393805095e-18,0.0,0.0,0.0,2.0646245130206968e-16
8,6,1.0,1.5,participant_constant,normal_t,0,0,300,0.9666666666666667,0.9397381741959452,0.9817950526611452,0.23786407766990286,-0.029098906925308282,0.08381844980590293,0.0827953025026657,-0.02345334094673672,0.03333333333333333,0.0,0.45,0.4256642013787327
8,6,1.0,1.5,participant_constant,normal_t,0,4,300,0.9833333333333333,0.9615846051669054,0.9928605226493666,0.15524239831493086,-0.002137870837889906,0.07087364112525259,0.07148396668579528,-0.009532745331323684,0.013333333333333334,0.0033333333333333335,0.29333333333333333,0.3675107726034735
8,6,1.0,1.5,participant_constant,normal_t,4,0,300,1.0,0.9873570287754538,0.9999999999999998,0.0,2.6020852139652105e-19,2.6103347968689605e-17,2.6854726482101562e-17,-5.16824400924896e-19,0.0,0.0,0.0,1.3806454419174356e-16
8,6,1.0,1.5,participant_constant,normal_t,4,4,300,1.0,0.9873570287754538,0.9999999999999998,0.0,5.296689013315851e-18,4.76403360848304e-17,5.084087441140185e-17,-4.2327658393805095e-18,0.0,0.0,0.0,2.613812565396334e-16
8,6,1.0,1.5,participant_constant,percentile,0,0,300,0.8833333333333333,0.8420668566758442,0.9149068653853369,0.23786407766990286,-0.029098906925308282,0.08381844980590293,0.0827953025026657,-0.02345334094673672,0.11666666666666667,0.0,0.62,0.3212123040861602
8,6,1.0,1.5,participant_constant,percentile,0,4,300,0.9533333333333334,0.923202639772079,0.9720010663176659,0.15524239831493086,-0.002137870837889906,0.07087364112525259,0.07148396668579528,-0.009532745331323684,0.043333333333333335,0.0033333333333333335,0.54,0.27827339071834706
8,6,1.0,1.5,participant_constant,percentile,4,0,300,1.0,0.9873570287754538,0.9999999999999998,0.0,2.6020852139652105e-19,2.6103347968689605e-17,2.6854726482101562e-17,-5.16824400924896e-19,0.0,0.0,0.0,1.124551840536725e-16
8,6,1.0,1.5,participant_constant,percentile,4,4,300,1.0,0.9873570287754538,0.9999999999999998,0.0,5.296689013315851e-18,4.76403360848304e-17,5.084087441140185e-17,-4.2327658393805095e-18,0.0,0.0,0.0,2.0646245130206968e-16
8,6,1.0,1.5,trial_signal,basic,0,0,300,0.9666666666666667,0.9397381741959452,0.9817950526611452,0.1288659793814433,0.0014864353003367792,0.053554243632286135,0.06711722491778539,-0.0053826530700547765,0.0033333333333333335,0.03,0.5333333333333333,0.26310004090717326
8,6,1.0,1.5,trial_signal,basic,0,4,300,0.9533333333333334,0.923202639772079,0.9720010663176659,0.08281408993534495,0.009029617433881918,0.04391866142379499,0.054676911304119655,-0.0003640542318172009,0.013333333333333334,0.03333333333333333,0.3466666666666667,0.21522768988294716
8,6,1.0,1.5,trial_signal,basic,4,0,300,0.9733333333333334,0.9482710570494102,0.9864269301913529,0.09082733947956687,0.004583086000927699,0.04787659620733116,0.05909906070052307,-0.0023748712529831346,0.0033333333333333335,0.023333333333333334,0.33,0.23212077042114654
8,6,1.0,1.5,trial_signal,basic,4,4,300,0.97,0.9439774608583589,0.9841381461905676,0.06676819847260845,0.006346541012939129,0.03852255004492031,0.049410619638624136,0.0004639929369316677,0.0,0.03,0.24666666666666667,0.19460363615252022
8,6,1.0,1.5,trial_signal,normal_t,0,0,300,0.9933333333333333,0.9760224167496929,0.998169851642088,0.1288659793814433,0.0014864353003367792,0.053554243632286135,0.06711722491778539,-0.0053826530700547765,0.0,0.006666666666666667,0.23333333333333334,0.3450606384639523
8,6,1.0,1.5,trial_signal,normal_t,0,4,300,0.9933333333333333,0.9760224167496929,0.998169851642088,0.08281408993534495,0.009029617433881918,0.04391866142379499,0.054676911304119655,-0.0003640542318172009,0.0,0.006666666666666667,0.14333333333333334,0.28110295005413577
8,6,1.0,1.5,trial_signal,normal_t,4,0,300,1.0,0.9873570287754538,0.9999999999999998,0.09082733947956687,0.004583086000927699,0.04787659620733116,0.05909906070052307,-0.0023748712529831346,0.0,0.0,0.14666666666666667,0.3038379438798652
8,6,1.0,1.5,trial_signal,normal_t,4,4,300,0.9966666666666667,0.9813633063054688,0.9994113422781488,0.06676819847260845,0.006346541012939129,0.03852255004492031,0.049410619638624136,0.0004639929369316677,0.0,0.0033333333333333335,0.09333333333333334,0.25402808266116433
8,6,1.0,1.5,trial_signal,percentile,0,0,300,0.9866666666666667,0.9662244697474675,0.9948030382606411,0.1288659793814433,0.0014864353003367792,0.053554243632286135,0.06711722491778539,-0.0053826530700547765,0.0,0.013333333333333334,0.45666666666666667,0.26310004090717326
8,6,1.0,1.5,trial_signal,percentile,0,4,300,0.9733333333333334,0.9482710570494102,0.9864269301913529,0.08281408993534495,0.009029617433881918,0.04391866142379499,0.054676911304119655,-0.0003640542318172009,0.0033333333333333335,0.023333333333333334,0.36333333333333334,0.21522768988294716
8,6,1.0,1.5,trial_signal,percentile,4,0,300,0.9833333333333333,0.9615846051669054,0.9928605226493666,0.09082733947956687,0.004583086000927699,0.04787659620733116,0.05909906070052307,-0.0023748712529831346,0.006666666666666667,0.01,0.32,0.23212077042114654
8,6,1.0,1.5,trial_signal,percentile,4,4,300,0.9866666666666667,0.9662244697474675,0.9948030382606411,0.06676819847260845,0.006346541012939129,0.03852255004492031,0.049410619638624136,0.0004639929369316677,0.0,0.013333333333333334,0.2866666666666667,0.19460363615252022
32,24,0.25,0.5,independent_noise,basic,0,0,300,0.9933333333333333,0.9760224167496929,0.998169851642088,0.0,0.003225954104945161,0.041313962606099465,0.06232570530599496,0.0003449354816227159,0.0033333333333333335,0.0033333333333333335,0.0033333333333333335,0.24348018564506266
32,24,0.25,0.5,independent_noise,basic,0,4,300,0.9933333333333333,0.9760224167496929,0.998169851642088,-0.06361033150224715,0.002458554846751705,0.027842290850622637,0.04298087492390887,0.0011968057502995128,0.0033333333333333335,0.0033333333333333335,0.0,0.16876675338170505
32,24,0.25,0.5,independent_noise,basic,4,0,300,0.9933333333333333,0.9760224167496929,0.998169851642088,-0.06422696440209569,0.004623235067116574,0.034495840599222824,0.04902514014646036,0.0011179171406060162,0.0,0.006666666666666667,0.0,0.19209976024996664
32,24,0.25,0.5,independent_noise,basic,4,4,300,1.0,0.9873570287754538,0.9999999999999998,-0.08253408867849599,0.0004959141184861104,0.02176492983231986,0.03385572994640642,-0.000619527790498046,0.0,0.0,0.0,0.13254835211429708
32,24,0.25,0.5,independent_noise,normal_t,0,0,300,1.0,0.9873570287754538,0.9999999999999998,0.0,0.003225954104945161,0.041313962606099465,0.06232570530599496,0.0003449354816227159,0.0,0.0,0.0,0.2578610892119627
32,24,0.25,0.5,independent_noise,normal_t,0,4,300,0.9966666666666667,0.9813633063054688,0.9994113422781488,-0.06361033150224715,0.002458554846751705,0.027842290850622637,0.04298087492390887,0.0011968057502995128,0.0,0.0033333333333333335,0.0,0.17782542802762663
32,24,0.25,0.5,independent_noise,normal_t,4,0,300,1.0,0.9873570287754538,0.9999999999999998,-0.06422696440209569,0.004623235067116574,0.034495840599222824,0.04902514014646036,0.0011179171406060162,0.0,0.0,0.0,0.20283245853167134
32,24,0.25,0.5,independent_noise,normal_t,4,4,300,1.0,0.9873570287754538,0.9999999999999998,-0.08253408867849599,0.0004959141184861104,0.02176492983231986,0.03385572994640642,-0.000619527790498046,0.0,0.0,0.0,0.14007182681985147
32,24,0.25,0.5,independent_noise,percentile,0,0,300,1.0,0.9873570287754538,0.9999999999999998,0.0,0.003225954104945161,0.041313962606099465,0.06232570530599496,0.0003449354816227159,0.0,0.0,0.0,0.24348018564506266
32,24,0.25,0.5,independent_noise,percentile,0,4,300,0.9966666666666667,0.9813633063054688,0.9994113422781488,-0.06361033150224715,0.002458554846751705,0.027842290850622637,0.04298087492390887,0.0011968057502995128,0.0,0.0033333333333333335,0.0,0.16876675338170505
32,24,0.25,0.5,independent_noise,percentile,4,0,300,0.99,0.9710165066376601,0.9965933815622847,-0.06422696440209569,0.004623235067116574,0.034495840599222824,0.04902514014646036,0.0011179171406060162,0.0,0.01,0.0,0.19209976024996664
32,24,0.25,0.5,independent_noise,percentile,4,4,300,1.0,0.9873570287754538,0.9999999999999998,-0.08253408867849599,0.0004959141184861104,0.02176492983231986,0.03385572994640642,-0.000619527790498046,0.0,0.0,0.0,0.13254835211429708
32,24,0.25,0.5,labels_only,basic,0,0,300,1.0,0.9873570287754538,0.9999999999999998,0.0,0.0,0.0,0.0,0.0,0.0,0.0,0.0,0.0
32,24,0.25,0.5,labels_only,basic,0,4,300,1.0,0.9873570287754538,0.9999999999999998,0.0,0.0,0.0,0.0,0.0,0.0,0.0,0.0,0.0
32,24,0.25,0.5,labels_only,basic,4,0,300,1.0,0.9873570287754538,0.9999999999999998,0.0,0.0,0.0,0.0,0.0,0.0,0.0,0.0,0.0
32,24,0.25,0.5,labels_only,basic,4,4,300,1.0,0.9873570287754538,0.9999999999999998,0.0,0.0,0.0,0.0,0.0,0.0,0.0,0.0,0.0
32,24,0.25,0.5,labels_only,normal_t,0,0,300,1.0,0.9873570287754538,0.9999999999999998,0.0,0.0,0.0,0.0,0.0,0.0,0.0,0.0,0.0
32,24,0.25,0.5,labels_only,normal_t,0,4,300,1.0,0.9873570287754538,0.9999999999999998,0.0,0.0,0.0,0.0,0.0,0.0,0.0,0.0,0.0
32,24,0.25,0.5,labels_only,normal_t,4,0,300,1.0,0.9873570287754538,0.9999999999999998,0.0,0.0,0.0,0.0,0.0,0.0,0.0,0.0,0.0
32,24,0.25,0.5,labels_only,normal_t,4,4,300,1.0,0.9873570287754538,0.9999999999999998,0.0,0.0,0.0,0.0,0.0,0.0,0.0,0.0,0.0
32,24,0.25,0.5,labels_only,percentile,0,0,300,1.0,0.9873570287754538,0.9999999999999998,0.0,0.0,0.0,0.0,0.0,0.0,0.0,0.0,0.0
32,24,0.25,0.5,labels_only,percentile,0,4,300,1.0,0.9873570287754538,0.9999999999999998,0.0,0.0,0.0,0.0,0.0,0.0,0.0,0.0,0.0
32,24,0.25,0.5,labels_only,percentile,4,0,300,1.0,0.9873570287754538,0.9999999999999998,0.0,0.0,0.0,0.0,0.0,0.0,0.0,0.0,0.0
32,24,0.25,0.5,labels_only,percentile,4,4,300,1.0,0.9873570287754538,0.9999999999999998,0.0,0.0,0.0,0.0,0.0,0.0,0.0,0.0,0.0
32,24,0.25,0.5,participant_constant,basic,0,0,300,0.93,0.8953639895740667,0.9537630551728237,0.4622641509433961,-0.0057313015431540775,0.06180383794025616,0.06618113642977834,-0.01540339856743667,0.03333333333333333,0.03666666666666667,1.0,0.25618002866451395
32,24,0.25,0.5,participant_constant,basic,0,4,300,0.9366666666666666,0.9032086875144784,0.9590831176160847,0.24301378298708698,0.01617443081477713,0.052338720626256545,0.057960615067436834,0.005544452074583846,0.043333333333333335,0.02,1.0,0.22521226565477542
32,24,0.25,0.5,participant_constant,basic,4,0,300,1.0,0.9873570287754538,0.9999999999999998,0.0,3.4231876592608994e-18,4.827293721196569e-17,4.729863982224672e-17,-2.976115408724108e-18,0.0,0.0,0.0,1.9783249112966437e-16
32,24,0.25,0.5,participant_constant,basic,4,4,300,1.0,0.9873570287754538,0.9999999999999998,0.0,2.220446049250313e-18,7.964632185640095e-17,8.087777520144172e-17,-2.17001507685585e-18,0.0,0.0,0.0,3.5509558256781783e-16
32,24,0.25,0.5,participant_constant,normal_t,0,0,300,0.9633333333333334,0.9355461518281071,0.979404694837147,0.4622641509433961,-0.0057313015431540775,0.06180383794025616,0.06618113642977834,-0.01540339856743667,0.03,0.006666666666666667,1.0,0.2738122230832847
32,24,0.25,0.5,participant_constant,normal_t,0,4,300,0.9666666666666667,0.9397381741959452,0.9817950526611452,0.24301378298708698,0.01617443081477713,0.052338720626256545,0.057960615067436834,0.005544452074583846,0.016666666666666666,0.016666666666666666,1.0,0.23980133492764433
32,24,0.25,0.5,participant_constant,normal_t,4,0,300,1.0,0.9873570287754538,0.9999999999999998,0.0,3.4231876592608994e-18,4.827293721196569e-17,4.729863982224672e-17,-2.976115408724108e-18,0.0,0.0,0.0,1.9568938246152034e-16
32,24,0.25,0.5,participant_constant,normal_t,4,4,300,1.0,0.9873570287754538,0.9999999999999998,0.0,2.220446049250313e-18,7.964632185640095e-17,8.087777520144172e-17,-2.17001507685585e-18,0.0,0.0,0.0,3.3461685036844693e-16
32,24,0.25,0.5,participant_constant,percentile,0,0,300,0.9566666666666667,0.9272825343659885,0.9745035519155927,0.4622641509433961,-0.0057313015431540775,0.06180383794025616,0.06618113642977834,-0.01540339856743667,0.043333333333333335,0.0,1.0,0.25618002866451395
32,24,0.25,0.5,participant_constant,percentile,0,4,300,0.9633333333333334,0.9355461518281071,0.979404694837147,0.24301378298708698,0.01617443081477713,0.052338720626256545,0.057960615067436834,0.005544452074583846,0.01,0.02666666666666667,1.0,0.2252122656547754
32,24,0.25,0.5,participant_constant,percentile,4,0,300,1.0,0.9873570287754538,0.9999999999999998,0.0,3.4231876592608994e-18,4.827293721196569e-17,4.729863982224672e-17,-2.976115408724108e-18,0.0,0.0,0.0,1.9783249112966437e-16
32,24,0.25,0.5,participant_constant,percentile,4,4,300,1.0,0.9873570287754538,0.9999999999999998,0.0,2.220446049250313e-18,7.964632185640095e-17,8.087777520144172e-17,-2.17001507685585e-18,0.0,0.0,0.0,3.5509558256781783e-16
32,24,0.25,0.5,trial_signal,basic,0,0,300,0.9833333333333333,0.9615846051669054,0.9928605226493666,0.26595744680851063,0.003963210587775787,0.03621161304625822,0.052762540253388696,-0.0016408580698248625,0.006666666666666667,0.01,1.0,0.20524297466715147
32,24,0.25,0.5,trial_signal,basic,0,4,300,0.99,0.9710165066376601,0.9965933815622847,0.134738851526218,0.010846884173798197,0.026657977380374023,0.03918846600224803,0.006113390029921648,0.01,0.0,0.9966666666666667,0.1528830289255072
32,24,0.25,0.5,trial_signal,basic,4,0,300,0.9766666666666667,0.9526280277317246,0.9886523397008747,0.16339312385599758,0.005395020911541154,0.03375450785973135,0.04490568222764717,0.003521998678733147,0.016666666666666666,0.006666666666666667,0.9866666666666667,0.1751851334706531
32,24,0.25,0.5,trial_signal,basic,4,4,300,0.9866666666666667,0.9662244697474675,0.9948030382606411,0.10669494409970404,0.007479956557708132,0.023258529615284067,0.031944050440784764,0.006067979891193769,0.013333333333333334,0.0,0.99,0.12402221850071034
32,24,0.25,0.5,trial_signal,normal_t,0,0,300,0.99,0.9710165066376601,0.9965933815622847,0.26595744680851063,0.003963210587775787,0.03621161304625822,0.052762540253388696,-0.0016408580698248625,0.006666666666666667,0.0033333333333333335,1.0,0.2182952608804279
32,24,0.25,0.5,trial_signal,normal_t,0,4,300,0.9966666666666667,0.9813633063054688,0.9994113422781488,0.134738851526218,0.010846884173798197,0.026657977380374023,0.03918846600224803,0.006113390029921648,0.0033333333333333335,0.0,1.0,0.1621350368723971
32,24,0.25,0.5,trial_signal,normal_t,4,0,300,0.9933333333333333,0.9760224167496929,0.998169851642088,0.16339312385599758,0.005395020911541154,0.03375450785973135,0.04490568222764717,0.003521998678733147,0.006666666666666667,0.0,1.0,0.18578896258256344
32,24,0.25,0.5,trial_signal,normal_t,4,4,300,0.9933333333333333,0.9760224167496929,0.998169851642088,0.10669494409970404,0.007479956557708132,0.023258529615284067,0.031944050440784764,0.006067979891193769,0.0033333333333333335,0.0033333333333333335,1.0,0.13216260610387873
32,24,0.25,0.5,trial_signal,percentile,0,0,300,0.9866666666666667,0.9662244697474675,0.9948030382606411,0.26595744680851063,0.003963210587775787,0.03621161304625822,0.052762540253388696,-0.0016408580698248625,0.01,0.0033333333333333335,1.0,0.20524297466715147
32,24,0.25,0.5,trial_signal,percentile,0,4,300,0.9866666666666667,0.9662244697474675,0.9948030382606411,0.134738851526218,0.010846884173798197,0.026657977380374023,0.03918846600224803,0.006113390029921648,0.0033333333333333335,0.01,1.0,0.1528830289255072
32,24,0.25,0.5,trial_signal,percentile,4,0,300,0.9933333333333333,0.9760224167496929,0.998169851642088,0.16339312385599758,0.005395020911541154,0.03375450785973135,0.04490568222764717,0.003521998678733147,0.0033333333333333335,0.0033333333333333335,1.0,0.1751851334706531
32,24,0.25,0.5,trial_signal,percentile,4,4,300,0.9866666666666667,0.9662244697474675,0.9948030382606411,0.10669494409970404,0.007479956557708132,0.023258529615284067,0.031944050440784764,0.006067979891193769,0.0033333333333333335,0.01,1.0,0.12402221850071034
32,24,0.25,1.5,independent_noise,basic,0,0,300,1.0,0.9873570287754538,0.9999999999999998,0.0,0.0031808624119462614,0.029013873408616938,0.047424375613302525,0.00019314972524727537,0.0,0.0,0.0,0.18580516819317822
32,24,0.25,1.5,independent_noise,basic,0,4,300,1.0,0.9873570287754538,0.9999999999999998,-0.017078301259399603,0.0031632384746497276,0.021854309397942136,0.035771259219015285,0.0007217306430017481,0.0,0.0,0.0,0.13998846546220325
32,24,0.25,1.5,independent_noise,basic,4,0,300,0.9933333333333333,0.9760224167496929,0.998169851642088,-0.01678959045391859,0.0042291100239809495,0.026222208273504785,0.039737800689821086,0.0006260028881969092,0.0,0.006666666666666667,0.0,0.15531727971909984
32,24,0.25,1.5,independent_noise,basic,4,4,300,0.9966666666666667,0.9813633063054688,0.9994113422781488,-0.0239704823661836,0.003082112592907035,0.020040787172063968,0.0314720125211275,0.0007695466080476084,0.0,0.0033333333333333335,0.0,0.12291187314430083
32,24,0.25,1.5,independent_noise,normal_t,0,0,300,1.0,0.9873570287754538,0.9999999999999998,0.0,0.0031808624119462614,0.029013873408616938,0.047424375613302525,0.00019314972524727537,0.0,0.0,0.0,0.19620959106365962
32,24,0.25,1.5,independent_noise,normal_t,0,4,300,1.0,0.9873570287754538,0.9999999999999998,-0.017078301259399603,0.0031632384746497276,0.021854309397942136,0.035771259219015285,0.0007217306430017481,0.0,0.0,0.0,0.14799697523537705
32,24,0.25,1.5,independent_noise,normal_t,4,0,300,1.0,0.9873570287754538,0.9999999999999998,-0.01678959045391859,0.0042291100239809495,0.026222208273504785,0.039737800689821086,0.0006260028881969092,0.0,0.0,0.0,0.1644078076366274
32,24,0.25,1.5,independent_noise,normal_t,4,4,300,1.0,0.9873570287754538,0.9999999999999998,-0.0239704823661836,0.003082112592907035,0.020040787172063968,0.0314720125211275,0.0007695466080476084,0.0,0.0,0.0,0.13020963643406802
32,24,0.25,1.5,independent_noise,percentile,0,0,300,1.0,0.9873570287754538,0.9999999999999998,0.0,0.0031808624119462614,0.029013873408616938,0.047424375613302525,0.00019314972524727537,0.0,0.0,0.0,0.18580516819317822
32,24,0.25,1.5,independent_noise,percentile,0,4,300,1.0,0.9873570287754538,0.9999999999999998,-0.017078301259399603,0.0031632384746497276,0.021854309397942136,0.035771259219015285,0.0007217306430017481,0.0,0.0,0.0,0.13998846546220325
32,24,0.25,1.5,independent_noise,percentile,4,0,300,0.9966666666666667,0.9813633063054688,0.9994113422781488,-0.01678959045391859,0.0042291100239809495,0.026222208273504785,0.039737800689821086,0.0006260028881969092,0.0,0.0033333333333333335,0.0,0.15531727971909984
32,24,0.25,1.5,independent_noise,percentile,4,4,300,0.9966666666666667,0.9813633063054688,0.9994113422781488,-0.0239704823661836,0.003082112592907035,0.020040787172063968,0.0314720125211275,0.0007695466080476084,0.0,0.0033333333333333335,0.0,0.12291187314430083
32,24,0.25,1.5,labels_only,basic,0,0,300,1.0,0.9873570287754538,0.9999999999999998,0.0,0.0,0.0,0.0,0.0,0.0,0.0,0.0,0.0
32,24,0.25,1.5,labels_only,basic,0,4,300,1.0,0.9873570287754538,0.9999999999999998,0.0,0.0,0.0,0.0,0.0,0.0,0.0,0.0,0.0
32,24,0.25,1.5,labels_only,basic,4,0,300,1.0,0.9873570287754538,0.9999999999999998,0.0,0.0,0.0,0.0,0.0,0.0,0.0,0.0,0.0
32,24,0.25,1.5,labels_only,basic,4,4,300,1.0,0.9873570287754538,0.9999999999999998,0.0,0.0,0.0,0.0,0.0,0.0,0.0,0.0,0.0
32,24,0.25,1.5,labels_only,normal_t,0,0,300,1.0,0.9873570287754538,0.9999999999999998,0.0,0.0,0.0,0.0,0.0,0.0,0.0,0.0,0.0
32,24,0.25,1.5,labels_only,normal_t,0,4,300,1.0,0.9873570287754538,0.9999999999999998,0.0,0.0,0.0,0.0,0.0,0.0,0.0,0.0,0.0
32,24,0.25,1.5,labels_only,normal_t,4,0,300,1.0,0.9873570287754538,0.9999999999999998,0.0,0.0,0.0,0.0,0.0,0.0,0.0,0.0,0.0
32,24,0.25,1.5,labels_only,normal_t,4,4,300,1.0,0.9873570287754538,0.9999999999999998,0.0,0.0,0.0,0.0,0.0,0.0,0.0,0.0,0.0
32,24,0.25,1.5,labels_only,percentile,0,0,300,1.0,0.9873570287754538,0.9999999999999998,0.0,0.0,0.0,0.0,0.0,0.0,0.0,0.0,0.0
32,24,0.25,1.5,labels_only,percentile,0,4,300,1.0,0.9873570287754538,0.9999999999999998,0.0,0.0,0.0,0.0,0.0,0.0,0.0,0.0,0.0
32,24,0.25,1.5,labels_only,percentile,4,0,300,1.0,0.9873570287754538,0.9999999999999998,0.0,0.0,0.0,0.0,0.0,0.0,0.0,0.0,0.0
32,24,0.25,1.5,labels_only,percentile,4,4,300,1.0,0.9873570287754538,0.9999999999999998,0.0,0.0,0.0,0.0,0.0,0.0,0.0,0.0,0.0
32,24,0.25,1.5,participant_constant,basic,0,0,300,0.9733333333333334,0.9482710570494102,0.9864269301913529,0.23786407766990286,-0.005538565737377632,0.043954782317988585,0.053894066536515454,-0.009723866621912124,0.02,0.006666666666666667,1.0,0.20964509124658964
32,24,0.25,1.5,participant_constant,basic,0,4,300,0.9633333333333334,0.9355461518281071,0.979404694837147,0.15524239831493086,0.003258937444221206,0.035111193142337696,0.043420499632932145,-0.0032725268165574002,0.02,0.016666666666666666,0.99,0.16909023853108943
32,24,0.25,1.5,participant_constant,basic,4,0,300,1.0,0.9873570287754538,0.9999999999999998,0.0,4.625929269271486e-20,2.2961122003297767e-17,2.3722966217948574e-17,3.7385374936526167e-19,0.0,0.0,0.0,1.0102509107046133e-16
32,24,0.25,1.5,participant_constant,basic,4,4,300,1.0,0.9873570287754538,0.9999999999999998,0.0,2.4054832200211726e-18,4.07260360122938e-17,4.288628091388471e-17,-2.545779125990786e-18,0.0,0.0,0.0,1.8331285563573849e-16
32,24,0.25,1.5,participant_constant,normal_t,0,0,300,0.98,0.9570603791821394,0.9908023684422963,0.23786407766990286,-0.005538565737377632,0.043954782317988585,0.053894066536515454,-0.009723866621912124,0.016666666666666666,0.0033333333333333335,1.0,0.22297674179438662
32,24,0.25,1.5,participant_constant,normal_t,0,4,300,0.98,0.9570603791821394,0.9908023684422963,0.15524239831493086,0.003258937444221206,0.035111193142337696,0.043420499632932145,-0.0032725268165574002,0.016666666666666666,0.0033333333333333335,0.9933333333333333,0.17964429402772517
32,24,0.25,1.5,participant_constant,normal_t,4,0,300,1.0,0.9873570287754538,0.9999999999999998,0.0,4.625929269271486e-20,2.2961122003297767e-17,2.3722966217948574e-17,3.7385374936526167e-19,0.0,0.0,0.0,9.814938921694659e-17
32,24,0.25,1.5,participant_constant,normal_t,4,4,300,1.0,0.9873570287754538,0.9999999999999998,0.0,2.4054832200211726e-18,4.07260360122938e-17,4.288628091388471e-17,-2.545779125990786e-18,0.0,0.0,0.0,1.7743406279015363e-16
32,24,0.25,1.5,participant_constant,percentile,0,0,300,0.9666666666666667,0.9397381741959452,0.9817950526611452,0.23786407766990286,-0.005538565737377632,0.043954782317988585,0.053894066536515454,-0.009723866621912124,0.03,0.0033333333333333335,1.0,0.20964509124658964
32,24,0.25,1.5,participant_constant,percentile,0,4,300,0.9733333333333334,0.9482710570494102,0.9864269301913529,0.15524239831493086,0.003258937444221206,0.035111193142337696,0.043420499632932145,-0.0032725268165574002,0.02,0.006666666666666667,0.9966666666666667,0.16909023853108943
32,24,0.25,1.5,participant_constant,percentile,4,0,300,1.0,0.9873570287754538,0.9999999999999998,0.0,4.625929269271486e-20,2.2961122003297767e-17,2.3722966217948574e-17,3.7385374936526167e-19,0.0,0.0,0.0,1.0102509107046133e-16
32,24,0.25,1.5,participant_constant,percentile,4,4,300,1.0,0.9873570287754538,0.9999999999999998,0.0,2.4054832200211726e-18,4.07260360122938e-17,4.288628091388471e-17,-2.545779125990786e-18,0.0,0.0,0.0,1.8331285563573849e-16
32,24,0.25,1.5,trial_signal,basic,0,0,300,1.0,0.9873570287754538,0.9999999999999998,0.1288659793814433,0.0010741121147611779,0.023742651111648,0.039323693742080876,-0.0017653940443298367,0.0,0.0,0.9733333333333334,0.15331315023370518
32,24,0.25,1.5,trial_signal,basic,0,4,300,1.0,0.9873570287754538,0.9999999999999998,0.08281408993534495,0.003673151644152218,0.018548096441853602,0.030229704830712217,0.00034185025579615226,0.0,0.0,0.91,0.11808435947672384
32,24,0.25,1.5,trial_signal,basic,4,0,300,0.9966666666666667,0.9813633063054688,0.9994113422781488,0.09082733947956687,0.0018668279028843126,0.02312549218924561,0.034383220577474276,-0.0004564313437519938,0.0033333333333333335,0.0,0.8666666666666667,0.13413196021652013
32,24,0.25,1.5,trial_signal,basic,4,4,300,0.9966666666666667,0.9813633063054688,0.9994113422781488,0.06676819847260845,0.002991792769894486,0.01851295929039061,0.02747134098474756,0.0005679303587533445,0.0033333333333333335,0.0,0.7633333333333333,0.10736795825326186
32,24,0.25,1.5,trial_signal,normal_t,0,0,300,1.0,0.9873570287754538,0.9999999999999998,0.1288659793814433,0.0010741121147611779,0.023742651111648,0.039323693742080876,-0.0017653940443298367,0.0,0.0,0.9666666666666667,0.16269451665868703
32,24,0.25,1.5,trial_signal,normal_t,0,4,300,1.0,0.9873570287754538,0.9999999999999998,0.08281408993534495,0.003673151644152218,0.018548096441853602,0.030229704830712217,0.00034185025579615226,0.0,0.0,0.9,0.1250698179175486
32,24,0.25,1.5,trial_signal,normal_t,4,0,300,1.0,0.9873570287754538,0.9999999999999998,0.09082733947956687,0.0018668279028843126,0.02312549218924561,0.034383220577474276,-0.0004564313437519938,0.0,0.0,0.8333333333333334,0.142254221836618
32,24,0.25,1.5,trial_signal,normal_t,4,4,300,1.0,0.9873570287754538,0.9999999999999998,0.06676819847260845,0.002991792769894486,0.01851295929039061,0.02747134098474756,0.0005679303587533445,0.0,0.0,0.78,0.11365759719302955
32,24,0.25,1.5,trial_signal,percentile,0,0,300,0.9966666666666667,0.9813633063054688,0.9994113422781488,0.1288659793814433,0.0010741121147611779,0.023742651111648,0.039323693742080876,-0.0017653940443298367,0.0033333333333333335,0.0,0.9733333333333334,0.15331315023370518
32,24,0.25,1.5,trial_signal,percentile,0,4,300,1.0,0.9873570287754538,0.9999999999999998,0.08281408993534495,0.003673151644152218,0.018548096441853602,0.030229704830712217,0.00034185025579615226,0.0,0.0,0.9366666666666666,0.11808435947672384
32,24,0.25,1.5,trial_signal,percentile,4,0,300,0.9966666666666667,0.9813633063054688,0.9994113422781488,0.09082733947956687,0.0018668279028843126,0.02312549218924561,0.034383220577474276,-0.0004564313437519938,0.0033333333333333335,0.0,0.8833333333333333,0.13413196021652013
32,24,0.25,1.5,trial_signal,percentile,4,4,300,0.9966666666666667,0.9813633063054688,0.9994113422781488,0.06676819847260845,0.002991792769894486,0.01851295929039061,0.02747134098474756,0.0005679303587533445,0.0033333333333333335,0.0,0.8533333333333334,0.10736795825326186
32,24,1.0,0.5,independent_noise,basic,0,0,300,1.0,0.9873570287754538,0.9999999999999998,0.0,0.000510267700686898,0.019131835797282063,0.03189417159676309,0.00015158312107710676,0.0,0.0,0.0,0.12429710185402326
32,24,1.0,0.5,independent_noise,basic,0,4,300,1.0,0.9873570287754538,0.9999999999999998,-0.06361033150224715,0.0015271553987775308,0.013853843173693248,0.022368413308249135,0.0012757314753461188,0.0,0.0,0.0,0.08731551409807697
32,24,1.0,0.5,independent_noise,basic,4,0,300,0.9866666666666667,0.9662244697474675,0.9948030382606411,-0.06422696440209569,0.0009714149960789668,0.020009705740400955,0.02706586959005094,0.0007976664005928994,0.006666666666666667,0.006666666666666667,0.0,0.10566180816582041
32,24,1.0,0.5,independent_noise,basic,4,4,300,0.9966666666666667,0.9813633063054688,0.9994113422781488,-0.08253408867849599,-0.0007428321750770058,0.013499894795242743,0.01891022565396978,-0.0005662192491173922,0.0,0.0033333333333333335,0.0,0.0738624941111771
32,24,1.0,0.5,independent_noise,normal_t,0,0,300,1.0,0.9873570287754538,0.9999999999999998,0.0,0.000510267700686898,0.019131835797282063,0.03189417159676309,0.00015158312107710676,0.0,0.0,0.0,0.13195624160331004
32,24,1.0,0.5,independent_noise,normal_t,0,4,300,1.0,0.9873570287754538,0.9999999999999998,-0.06361033150224715,0.0015271553987775308,0.013853843173693248,0.022368413308249135,0.0012757314753461188,0.0,0.0,0.0,0.09254517684621658
32,24,1.0,0.5,independent_noise,normal_t,4,0,300,0.99,0.9710165066376601,0.9965933815622847,-0.06422696440209569,0.0009714149960789668,0.020009705740400955,0.02706586959005094,0.0007976664005928994,0.0033333333333333335,0.006666666666666667,0.0,0.11198003422013675
32,24,1.0,0.5,independent_noise,normal_t,4,4,300,1.0,0.9873570287754538,0.9999999999999998,-0.08253408867849599,-0.0007428321750770058,0.013499894795242743,0.01891022565396978,-0.0005662192491173922,0.0,0.0,0.0,0.07823756442765223
32,24,1.0,0.5,independent_noise,percentile,0,0,300,1.0,0.9873570287754538,0.9999999999999998,0.0,0.000510267700686898,0.019131835797282063,0.03189417159676309,0.00015158312107710676,0.0,0.0,0.0,0.12429710185402326
32,24,1.0,0.5,independent_noise,percentile,0,4,300,0.9966666666666667,0.9813633063054688,0.9994113422781488,-0.06361033150224715,0.0015271553987775308,0.013853843173693248,0.022368413308249135,0.0012757314753461188,0.0,0.0033333333333333335,0.0,0.08731551409807697
32,24,1.0,0.5,independent_noise,percentile,4,0,300,0.99,0.9710165066376601,0.9965933815622847,-0.06422696440209569,0.0009714149960789668,0.020009705740400955,0.02706586959005094,0.0007976664005928994,0.0033333333333333335,0.006666666666666667,0.0,0.10566180816582041
32,24,1.0,0.5,independent_noise,percentile,4,4,300,0.9966666666666667,0.9813633063054688,0.9994113422781488,-0.08253408867849599,-0.0007428321750770058,0.013499894795242743,0.01891022565396978,-0.0005662192491173922,0.0,0.0033333333333333335,0.0,0.0738624941111771
32,24,1.0,0.5,labels_only,basic,0,0,300,1.0,0.9873570287754538,0.9999999999999998,0.0,0.0,0.0,0.0,0.0,0.0,0.0,0.0,0.0
32,24,1.0,0.5,labels_only,basic,0,4,300,1.0,0.9873570287754538,0.9999999999999998,0.0,0.0,0.0,0.0,0.0,0.0,0.0,0.0,0.0
32,24,1.0,0.5,labels_only,basic,4,0,300,1.0,0.9873570287754538,0.9999999999999998,0.0,0.0,0.0,0.0,0.0,0.0,0.0,0.0,0.0
32,24,1.0,0.5,labels_only,basic,4,4,300,1.0,0.9873570287754538,0.9999999999999998,0.0,0.0,0.0,0.0,0.0,0.0,0.0,0.0,0.0
32,24,1.0,0.5,labels_only,normal_t,0,0,300,1.0,0.9873570287754538,0.9999999999999998,0.0,0.0,0.0,0.0,0.0,0.0,0.0,0.0,0.0
32,24,1.0,0.5,labels_only,normal_t,0,4,300,1.0,0.9873570287754538,0.9999999999999998,0.0,0.0,0.0,0.0,0.0,0.0,0.0,0.0,0.0
32,24,1.0,0.5,labels_only,normal_t,4,0,300,1.0,0.9873570287754538,0.9999999999999998,0.0,0.0,0.0,0.0,0.0,0.0,0.0,0.0,0.0
32,24,1.0,0.5,labels_only,normal_t,4,4,300,1.0,0.9873570287754538,0.9999999999999998,0.0,0.0,0.0,0.0,0.0,0.0,0.0,0.0,0.0
32,24,1.0,0.5,labels_only,percentile,0,0,300,1.0,0.9873570287754538,0.9999999999999998,0.0,0.0,0.0,0.0,0.0,0.0,0.0,0.0,0.0
32,24,1.0,0.5,labels_only,percentile,0,4,300,1.0,0.9873570287754538,0.9999999999999998,0.0,0.0,0.0,0.0,0.0,0.0,0.0,0.0,0.0
32,24,1.0,0.5,labels_only,percentile,4,0,300,1.0,0.9873570287754538,0.9999999999999998,0.0,0.0,0.0,0.0,0.0,0.0,0.0,0.0,0.0
32,24,1.0,0.5,labels_only,percentile,4,4,300,1.0,0.9873570287754538,0.9999999999999998,0.0,0.0,0.0,0.0,0.0,0.0,0.0,0.0,0.0
32,24,1.0,0.5,participant_constant,basic,0,0,300,0.93,0.8953639895740667,0.9537630551728237,0.4622641509433961,-0.006497904690248071,0.052433417698496895,0.051393463765433356,-0.011127089562548119,0.03333333333333333,0.03666666666666667,1.0,0.19875258411667654
32,24,1.0,0.5,participant_constant,basic,0,4,300,0.9166666666666666,0.8798783980359391,0.9429191259436057,0.24301378298708698,0.013813932292484102,0.04694814976774549,0.046099138721333886,0.00630393598212575,0.04666666666666667,0.03666666666666667,1.0,0.17801070706798308
32,24,1.0,0.5,participant_constant,basic,4,0,300,1.0,0.9873570287754538,0.9999999999999998,0.0,1.295260195396016e-18,5.244056876766211e-17,4.620862999805205e-17,-8.929248641607806e-19,0.0,0.0,0.0,1.9732826483931375e-16
32,24,1.0,0.5,participant_constant,basic,4,4,300,1.0,0.9873570287754538,0.9999999999999998,0.0,0.0,7.86357919862844e-17,7.840106892150924e-17,-2.069153132066912e-19,0.0,0.0,0.0,3.3628655415896e-16
32,24,1.0,0.5,participant_constant,normal_t,0,0,300,0.9566666666666667,0.9272825343659885,0.9745035519155927,0.4622641509433961,-0.006497904690248071,0.052433417698496895,0.051393463765433356,-0.011127089562548119,0.03333333333333333,0.01,1.0,0.21263095988831865
32,24,1.0,0.5,participant_constant,normal_t,0,4,300,0.94,0.9071605548470915,0.9617136304753079,0.24301378298708698,0.013813932292484102,0.04694814976774549,0.046099138721333886,0.00630393598212575,0.023333333333333334,0.03666666666666667,1.0,0.1907266682993016
32,24,1.0,0.5,participant_constant,normal_t,4,0,300,1.0,0.9873570287754538,0.9999999999999998,0.0,1.295260195396016e-18,5.244056876766211e-17,4.620862999805205e-17,-8.929248641607806e-19,0.0,0.0,0.0,1.9117966822501673e-16
32,24,1.0,0.5,participant_constant,normal_t,4,4,300,1.0,0.9873570287754538,0.9999999999999998,0.0,0.0,7.86357919862844e-17,7.840106892150924e-17,-2.069153132066912e-19,0.0,0.0,0.0,3.24369935778937e-16
32,24,1.0,0.5,participant_constant,percentile,0,0,300,0.9333333333333333,0.899276940483885,0.9564324844548417,0.4622641509433961,-0.006497904690248071,0.052433417698496895,0.051393463765433356,-0.011127089562548119,0.06333333333333334,0.0033333333333333335,1.0,0.19875258411667654
32,24,1.0,0.5,participant_constant,percentile,0,4,300,0.94,0.9071605548470915,0.9617136304753079,0.24301378298708698,0.013813932292484102,0.04694814976774549,0.046099138721333886,0.00630393598212575,0.02,0.04,1.0,0.17801070706798308
32,24,1.0,0.5,participant_constant,percentile,4,0,300,1.0,0.9873570287754538,0.9999999999999998,0.0,1.295260195396016e-18,5.244056876766211e-17,4.620862999805205e-17,-8.929248641607806e-19,0.0,0.0,0.0,1.9732826483931375e-16
32,24,1.0,0.5,participant_constant,percentile,4,4,300,1.0,0.9873570287754538,0.9999999999999998,0.0,0.0,7.86357919862844e-17,7.840106892150924e-17,-2.069153132066912e-19,0.0,0.0,0.0,3.3628655415896e-16
32,24,1.0,0.5,trial_signal,basic,0,0,300,0.9666666666666667,0.9397381741959452,0.9817950526611452,0.26595744680851063,0.004440377839701936,0.026241857023173262,0.03203625182125634,0.0018744642768366434,0.006666666666666667,0.02666666666666667,1.0,0.1248191676544246
32,24,1.0,0.5,trial_signal,basic,0,4,300,0.9466666666666667,0.9151308582251686,0.9669080874809034,0.134738851526218,0.01066859346449106,0.022189161259246037,0.025620749046646154,0.007207537120529334,0.03,0.023333333333333334,1.0,0.09950743419831196
32,24,1.0,0.5,trial_signal,basic,4,0,300,0.97,0.9439774608583589,0.9841381461905676,0.16339312385599758,0.0052019869264508375,0.02323556724524673,0.027855251853497832,0.004872626648890869,0.02,0.01,1.0,0.10853733660508823
32,24,1.0,0.5,trial_signal,basic,4,4,300,0.9666666666666667,0.9397381741959452,0.9817950526611452,0.10669494409970404,0.006490091015501124,0.017170936548279822,0.02018665851685705,0.005506958914872523,0.02666666666666667,0.006666666666666667,1.0,0.0781383543199202
32,24,1.0,0.5,trial_signal,normal_t,0,0,300,0.9766666666666667,0.9526280277317246,0.9886523397008747,0.26595744680851063,0.004440377839701936,0.026241857023173262,0.03203625182125634,0.0018744642768366434,0.0033333333333333335,0.02,1.0,0.13254407227868606
32,24,1.0,0.5,trial_signal,normal_t,0,4,300,0.9633333333333334,0.9355461518281071,0.979404694837147,0.134738851526218,0.01066859346449106,0.022189161259246037,0.025620749046646154,0.007207537120529334,0.0033333333333333335,0.03333333333333333,1.0,0.10600111499996231
32,24,1.0,0.5,trial_signal,normal_t,4,0,300,0.9866666666666667,0.9662244697474675,0.9948030382606411,0.16339312385599758,0.0052019869264508375,0.02323556724524673,0.027855251853497832,0.004872626648890869,0.0,0.013333333333333334,1.0,0.11524595747375521
32,24,1.0,0.5,trial_signal,normal_t,4,4,300,0.9866666666666667,0.9662244697474675,0.9948030382606411,0.10669494409970404,0.006490091015501124,0.017170936548279822,0.02018665851685705,0.005506958914872523,0.006666666666666667,0.006666666666666667,1.0,0.08351856953965368
32,24,1.0,0.5,trial_signal,percentile,0,0,300,0.9666666666666667,0.9397381741959452,0.9817950526611452,0.26595744680851063,0.004440377839701936,0.026241857023173262,0.03203625182125634,0.0018744642768366434,0.0033333333333333335,0.03,1.0,0.12481916765442463
32,24,1.0,0.5,trial_signal,percentile,0,4,300,0.9133333333333333,0.8760440413057516,0.9401711024819569,0.134738851526218,0.01066859346449106,0.022189161259246037,0.025620749046646154,0.007207537120529334,0.0033333333333333335,0.08333333333333333,1.0,0.09950743419831196
32,24,1.0,0.5,trial_signal,percentile,4,0,300,0.9766666666666667,0.9526280277317246,0.9886523397008747,0.16339312385599758,0.0052019869264508375,0.02323556724524673,0.027855251853497832,0.004872626648890869,0.0,0.023333333333333334,1.0,0.10853733660508823
32,24,1.0,0.5,trial_signal,percentile,4,4,300,0.9266666666666666,0.8914686583942826,0.9510760061607713,0.10669494409970404,0.006490091015501124,0.017170936548279822,0.02018665851685705,0.005506958914872523,0.0033333333333333335,0.07,1.0,0.0781383543199202
32,24,1.0,1.5,independent_noise,basic,0,0,300,1.0,0.9873570287754538,0.9999999999999998,0.0,0.0007082454691478934,0.014382469818461452,0.024167490144195454,0.0001124620911223237,0.0,0.0,0.0,0.0942338653890816
32,24,1.0,1.5,independent_noise,basic,0,4,300,1.0,0.9873570287754538,0.9999999999999998,-0.017078301259399603,0.0015769391831703678,0.011107489839802054,0.018465061123881604,0.0007929147503504034,0.0,0.0,0.0,0.07203343739815023
32,24,1.0,1.5,independent_noise,basic,4,0,300,0.9966666666666667,0.9813633063054688,0.9994113422781488,-0.01678959045391859,0.00124524649579112,0.01434278398535849,0.021154456110959827,0.0005171083237490744,0.0,0.0033333333333333335,0.0,0.08246016746336735
32,24,1.0,1.5,independent_noise,basic,4,4,300,0.9966666666666667,0.9813633063054688,0.9994113422781488,-0.0239704823661836,0.0011970886935720945,0.011050327275014878,0.01678767485827115,0.0006103560562142214,0.0,0.0033333333333333335,0.0,0.06553934505652406
32,24,1.0,1.5,independent_noise,normal_t,0,0,300,1.0,0.9873570287754538,0.9999999999999998,0.0,0.0007082454691478934,0.014382469818461452,0.024167490144195454,0.0001124620911223237,0.0,0.0,0.0,0.09998852482303455
32,24,1.0,1.5,independent_noise,normal_t,0,4,300,1.0,0.9873570287754538,0.9999999999999998,-0.017078301259399603,0.0015769391831703678,0.011107489839802054,0.018465061123881604,0.0007929147503504034,0.0,0.0,0.0,0.07639577844154118
32,24,1.0,1.5,independent_noise,normal_t,4,0,300,1.0,0.9873570287754538,0.9999999999999998,-0.01678959045391859,0.00124524649579112,0.01434278398535849,0.021154456110959827,0.0005171083237490744,0.0,0.0,0.0,0.0875226532564256
32,24,1.0,1.5,independent_noise,normal_t,4,4,300,1.0,0.9873570287754538,0.9999999999999998,-0.0239704823661836,0.0011970886935720945,0.011050327275014878,0.01678767485827115,0.0006103560562142214,0.0,0.0,0.0,0.06945590271360629
32,24,1.0,1.5,independent_noise,percentile,0,0,300,1.0,0.9873570287754538,0.9999999999999998,0.0,0.0007082454691478934,0.014382469818461452,0.024167490144195454,0.0001124620911223237,0.0,0.0,0.0,0.0942338653890816
32,24,1.0,1.5,independent_noise,percentile,0,4,300,1.0,0.9873570287754538,0.9999999999999998,-0.017078301259399603,0.0015769391831703678,0.011107489839802054,0.018465061123881604,0.0007929147503504034,0.0,0.0,0.0,0.07203343739815023
32,24,1.0,1.5,independent_noise,percentile,4,0,300,1.0,0.9873570287754538,0.9999999999999998,-0.01678959045391859,0.00124524649579112,0.01434278398535849,0.021154456110959827,0.0005171083237490744,0.0,0.0,0.0,0.08246016746336735
32,24,1.0,1.5,independent_noise,percentile,4,4,300,0.9933333333333333,0.9760224167496929,0.998169851642088,-0.0239704823661836,0.0011970886935720945,0.011050327275014878,0.01678767485827115,0.0006103560562142214,0.0,0.006666666666666667,0.0,0.06553934505652406
32,24,1.0,1.5,labels_only,basic,0,0,300,1.0,0.9873570287754538,0.9999999999999998,0.0,0.0,0.0,0.0,0.0,0.0,0.0,0.0,0.0
32,24,1.0,1.5,labels_only,basic,0,4,300,1.0,0.9873570287754538,0.9999999999999998,0.0,0.0,0.0,0.0,0.0,0.0,0.0,0.0,0.0
32,24,1.0,1.5,labels_only,basic,4,0,300,1.0,0.9873570287754538,0.9999999999999998,0.0,0.0,0.0,0.0,0.0,0.0,0.0,0.0,0.0
32,24,1.0,1.5,labels_only,basic,4,4,300,1.0,0.9873570287754538,0.9999999999999998,0.0,0.0,0.0,0.0,0.0,0.0,0.0,0.0,0.0
32,24,1.0,1.5,labels_only,normal_t,0,0,300,1.0,0.9873570287754538,0.9999999999999998,0.0,0.0,0.0,0.0,0.0,0.0,0.0,0.0,0.0
32,24,1.0,1.5,labels_only,normal_t,0,4,300,1.0,0.9873570287754538,0.9999999999999998,0.0,0.0,0.0,0.0,0.0,0.0,0.0,0.0,0.0
32,24,1.0,1.5,labels_only,normal_t,4,0,300,1.0,0.9873570287754538,0.9999999999999998,0.0,0.0,0.0,0.0,0.0,0.0,0.0,0.0,0.0
32,24,1.0,1.5,labels_only,normal_t,4,4,300,1.0,0.9873570287754538,0.9999999999999998,0.0,0.0,0.0,0.0,0.0,0.0,0.0,0.0,0.0
32,24,1.0,1.5,labels_only,percentile,0,0,300,1.0,0.9873570287754538,0.9999999999999998,0.0,0.0,0.0,0.0,0.0,0.0,0.0,0.0,0.0
32,24,1.0,1.5,labels_only,percentile,0,4,300,1.0,0.9873570287754538,0.9999999999999998,0.0,0.0,0.0,0.0,0.0,0.0,0.0,0.0,0.0
32,24,1.0,1.5,labels_only,percentile,4,0,300,1.0,0.9873570287754538,0.9999999999999998,0.0,0.0,0.0,0.0,0.0,0.0,0.0,0.0,0.0
32,24,1.0,1.5,labels_only,percentile,4,4,300,1.0,0.9873570287754538,0.9999999999999998,0.0,0.0,0.0,0.0,0.0,0.0,0.0,0.0,0.0
32,24,1.0,1.5,participant_constant,basic,0,0,300,0.9366666666666666,0.9032086875144784,0.9590831176160847,0.23786407766990286,-0.006507591974490005,0.03280639319796938,0.036446826883249496,-0.007349040706416187,0.06,0.0033333333333333335,1.0,0.14091577760811205
32,24,1.0,1.5,participant_constant,basic,0,4,300,0.9466666666666667,0.9151308582251686,0.9669080874809034,0.15524239831493086,0.0020761403214103963,0.02775630545479331,0.030086693400264285,-0.0011842975768278099,0.04,0.013333333333333334,1.0,0.11613191348168743
32,24,1.0,1.5,participant_constant,basic,4,0,300,1.0,0.9873570287754538,0.9999999999999998,0.0,-3.7007434154171887e-19,2.1770109098761408e-17,2.224865567838242e-17,8.498899322375415e-19,0.0,0.0,0.0,9.50801937182888e-17
32,24,1.0,1.5,participant_constant,basic,4,4,300,1.0,0.9873570287754538,0.9999999999999998,0.0,-2.7755575615628914e-19,3.767720000139604e-17,4.0582794805360676e-17,1.060301924194245e-19,0.0,0.0,0.0,1.7671974994470932e-16
32,24,1.0,1.5,participant_constant,normal_t,0,0,300,0.9466666666666667,0.9151308582251686,0.9669080874809034,0.23786407766990286,-0.006507591974490005,0.03280639319796938,0.036446826883249496,-0.007349040706416187,0.05333333333333334,0.0,1.0,0.15079201161531933
32,24,1.0,1.5,participant_constant,normal_t,0,4,300,0.9733333333333334,0.9482710570494102,0.9864269301913529,0.15524239831493086,0.0020761403214103963,0.02775630545479331,0.030086693400264285,-0.0011842975768278099,0.023333333333333334,0.0033333333333333335,1.0,0.12447813454960255
32,24,1.0,1.5,participant_constant,normal_t,4,0,300,1.0,0.9873570287754538,0.9999999999999998,0.0,-3.7007434154171887e-19,2.1770109098761408e-17,2.224865567838242e-17,8.498899322375415e-19,0.0,0.0,0.0,9.204970178135754e-17
32,24,1.0,1.5,participant_constant,normal_t,4,4,300,1.0,0.9873570287754538,0.9999999999999998,0.0,-2.7755575615628914e-19,3.767720000139604e-17,4.0582794805360676e-17,1.060301924194245e-19,0.0,0.0,0.0,1.67903814652368e-16
32,24,1.0,1.5,participant_constant,percentile,0,0,300,0.94,0.9071605548470915,0.9617136304753079,0.23786407766990286,-0.006507591974490005,0.03280639319796938,0.036446826883249496,-0.007349040706416187,0.06,0.0,1.0,0.14091577760811205
32,24,1.0,1.5,participant_constant,percentile,0,4,300,0.97,0.9439774608583589,0.9841381461905676,0.15524239831493086,0.0020761403214103963,0.02775630545479331,0.030086693400264285,-0.0011842975768278099,0.02666666666666667,0.0033333333333333335,1.0,0.11613191348168743
32,24,1.0,1.5,participant_constant,percentile,4,0,300,1.0,0.9873570287754538,0.9999999999999998,0.0,-3.7007434154171887e-19,2.1770109098761408e-17,2.224865567838242e-17,8.498899322375415e-19,0.0,0.0,0.0,9.50801937182888e-17
32,24,1.0,1.5,participant_constant,percentile,4,4,300,1.0,0.9873570287754538,0.9999999999999998,0.0,-2.7755575615628914e-19,3.767720000139604e-17,4.0582794805360676e-17,1.060301924194245e-19,0.0,0.0,0.0,1.7671974994470932e-16
32,24,1.0,1.5,trial_signal,basic,0,0,300,1.0,0.9873570287754538,0.9999999999999998,0.1288659793814433,-0.0001051195920658012,0.01301555800864821,0.020354201678028858,-0.00016820786493572295,0.0,0.0,1.0,0.0793756250119149
32,24,1.0,1.5,trial_signal,basic,0,4,300,0.9866666666666667,0.9662244697474675,0.9948030382606411,0.08281408993534495,0.002939174339455812,0.011738152815496295,0.016421884507812182,0.0016325879368657137,0.006666666666666667,0.006666666666666667,1.0,0.06404486873994311
32,24,1.0,1.5,trial_signal,basic,4,0,300,0.9966666666666667,0.9813633063054688,0.9994113422781488,0.09082733947956687,0.00083528533121031,0.013833089935330988,0.018840238819191616,0.0009029884318409624,0.0,0.0033333333333333335,1.0,0.07341477511014922
32,24,1.0,1.5,trial_signal,basic,4,4,300,0.98,0.9570603791821394,0.9908023684422963,0.06676819847260845,0.0019536969998251025,0.011455364788199912,0.015066741699151643,0.0014056754781334477,0.013333333333333334,0.006666666666666667,1.0,0.05879040256794276
32,24,1.0,1.5,trial_signal,normal_t,0,0,300,1.0,0.9873570287754538,0.9999999999999998,0.1288659793814433,-0.0001051195920658012,0.01301555800864821,0.020354201678028858,-0.00016820786493572295,0.0,0.0,1.0,0.08421174841051714
32,24,1.0,1.5,trial_signal,normal_t,0,4,300,0.9933333333333333,0.9760224167496929,0.998169851642088,0.08281408993534495,0.002939174339455812,0.011738152815496295,0.016421884507812182,0.0016325879368657137,0.0033333333333333335,0.0033333333333333335,1.0,0.06794251272901669
32,24,1.0,1.5,trial_signal,normal_t,4,0,300,1.0,0.9873570287754538,0.9999999999999998,0.09082733947956687,0.00083528533121031,0.013833089935330988,0.018840238819191616,0.0009029884318409624,0.0,0.0,1.0,0.07794800683086625
32,24,1.0,1.5,trial_signal,normal_t,4,4,300,0.9866666666666667,0.9662244697474675,0.9948030382606411,0.06676819847260845,0.0019536969998251025,0.011455364788199912,0.015066741699151643,0.0014056754781334477,0.0033333333333333335,0.01,1.0,0.06233585976033614
32,24,1.0,1.5,trial_signal,percentile,0,0,300,1.0,0.9873570287754538,0.9999999999999998,0.1288659793814433,-0.0001051195920658012,0.01301555800864821,0.020354201678028858,-0.00016820786493572295,0.0,0.0,1.0,0.0793756250119149
32,24,1.0,1.5,trial_signal,percentile,0,4,300,0.9866666666666667,0.9662244697474675,0.9948030382606411,0.08281408993534495,0.002939174339455812,0.011738152815496295,0.016421884507812182,0.0016325879368657137,0.0033333333333333335,0.01,1.0,0.06404486873994311
32,24,1.0,1.5,trial_signal,percentile,4,0,300,0.9966666666666667,0.9813633063054688,0.9994113422781488,0.09082733947956687,0.00083528533121031,0.013833089935330988,0.018840238819191616,0.0009029884318409624,0.0,0.0033333333333333335,1.0,0.07341477511014922
32,24,1.0,1.5,trial_signal,percentile,4,4,300,0.98,0.9570603791821394,0.9908023684422963,0.06676819847260845,0.0019536969998251025,0.011455364788199912,0.015066741699151643,0.0014056754781334477,0.0033333333333333335,0.016666666666666666,1.0,0.058790402567942754
