dataset_id,representation,predictor,zero_exposure_ccc,zero_exposure_ccc_sd,maximum_exposure_ccc,maximum_exposure_ccc_sd,uniform_cell_mean_ccc,normalized_surface_auc_ccc,normalized_surface_auc_ccc_sd,worst_cell_ccc,first_participant_trial_gain_ccc,first_stimulus_observation_gain_ccc,participant_half_gain_dose,stimulus_half_gain_dose,seed_count
ds002721,bandpower,combined_personalized,0.08032593120554322,0.0787641343066425,0.2987966036300936,0.17665283514445357,0.18409990871356996,0.21848108614092215,0.14389496140453928,0.08032593120554322,0.005721928941298429,0.03663841739700359,4.0,2.0,5
ds002721,bandpower,combined_population,0.08032593120554322,0.0787641343066425,0.1798987348573998,0.17634027722379209,0.1336197140533582,0.14324020284615818,0.15210929747413915,0.08032593120554322,0.0,0.03663841739700359,,2.0,5
ds002721,bandpower,eeg_personalized,0.008182853487138682,0.04690028624279973,0.11885329334170405,0.15574227558259557,0.09656218943148687,0.12706983055861085,0.2194077323046498,-0.0008807478944727612,0.0754255227893109,-0.004526409239127442,1.0,,5
ds002721,bandpower,eeg_population,0.008182853487138682,0.04690028624279973,-0.0008807478944727612,0.05942708011638535,0.004919857470256925,0.004987110789408407,0.05657595580082175,-0.0008807478944727612,0.0,-0.004526409239127442,,,5
ds002721,bandpower,prior,0.07076885585797198,0.08016054882791161,0.17401773141737537,0.1831635180998474,0.12617409449578176,0.13524919388438061,0.15897775223872182,0.07076885585797198,0.0,0.04577128388304501,,2.0,5
ds002721,labram_pretrained,combined_personalized,0.1025654246705688,0.06567056520595294,0.30702129698876746,0.16770781896151127,0.19809303539289383,0.23017521896077187,0.13744807294312805,0.1025654246705688,0.001228622306455554,0.02981010123156065,4.0,2.0,5
ds002721,labram_pretrained,combined_population,0.1025654246705688,0.06567056520595294,0.20852030853271467,0.1656776767863604,0.15347390259744598,0.16195751842417128,0.14234101648132264,0.1025654246705688,0.0,0.02981010123156065,,2.0,5
ds002721,labram_pretrained,eeg_personalized,0.04497808954000012,0.02878241394151157,0.1563197788073932,0.1728121611243802,0.12866064982960793,0.15794382236954116,0.23069132504700424,0.04030342710538788,0.06341585923710505,-0.0027224266051538368,1.0,,5
ds002721,labram_pretrained,eeg_population,0.04497808954000012,0.02878241394151157,0.04030342710538788,0.04449512990295831,0.04276229576688211,0.042579035010293864,0.036553489211841164,0.04030342710538788,0.0,-0.0027224266051538368,,,5
ds002721,labram_pretrained,prior,0.07076885585797198,0.08016054882791161,0.17401773141737537,0.1831635180998474,0.12617409449578176,0.13524919388438061,0.15897775223872182,0.07076885585797198,0.0,0.04577128388304501,,2.0,5
ds002721,labram_random,combined_personalized,0.08839337793215649,0.054993857868533995,0.29406425680934767,0.14055589653328562,0.17956498762389655,0.2156576672293773,0.1330749363105859,0.06312053513357971,-0.025272842798576778,0.03528618614033162,4.0,2.0,5
ds002721,labram_random,combined_population,0.08839337793215649,0.054993857868533995,0.18045511640778605,0.16802435526826,0.13793406023523452,0.1467859108097784,0.14326757487059935,0.08839337793215649,0.0,0.03528618614033162,,2.0,5
ds002721,labram_random,eeg_personalized,0.011002815660930358,0.04238468151150258,0.12195825052350177,0.1465954677818431,0.10106948305896143,0.13419169739638462,0.21822540144810593,0.00093211020962266,0.06938198126005246,-0.0039024610483873994,1.0,,5
ds002721,labram_random,eeg_population,0.011002815660930358,0.04238468151150258,0.00093211020962266,0.0438947031233889,0.008954356091439183,0.009676772119155484,0.043659755918701006,0.00093211020962266,0.0,-0.0039024610483873994,,,5
ds002721,labram_random,prior,0.07076885585797198,0.08016054882791161,0.17401773141737537,0.1831635180998474,0.12617409449578176,0.13524919388438061,0.15897775223872182,0.07076885585797198,0.0,0.04577128388304501,,2.0,5
ds003751,bandpower,combined_personalized,0.11335331955761499,0.15366185667371404,0.7240774432366879,0.16724457584656763,0.4446700993159124,0.449269205784322,0.1753275572905094,0.11335331955761499,0.1923715606181273,0.2557196670718712,1.0,2.0,4
ds003751,bandpower,combined_population,0.11335331955761499,0.15366185667371404,0.6613412405837518,0.15341215834989383,0.38125584892361764,0.3782101333500848,0.1343281755597029,0.11335331955761499,0.0,0.2557196670718712,,2.0,4
ds003751,bandpower,eeg_personalized,0.13220598689861704,0.08220186665172727,0.2974071657553609,0.28944762457283646,0.23950677880853755,0.2540924141575207,0.22511721721585556,0.1196768580680013,0.13745526741134298,0.02279753160053896,1.0,,4
ds003751,bandpower,eeg_population,0.13220598689861704,0.08220186665172727,0.11967685806800127,0.09159730961525096,0.13562878782192478,0.14047247049123257,0.09699648003842852,0.11967685806800127,0.0,0.02279753160053896,2.0,,4
ds003751,bandpower,prior,9.55082833437001e-33,1.5022900465047462e-32,0.6606912920389714,0.15157931118047774,0.3332760109565528,0.3347411934250863,0.12133297034782348,9.55082833437001e-33,0.0,0.33913674083068684,,1.0,4
ds005540,cbramod_pretrained,combined_personalized,-0.0034824415412911015,0.03854718664277748,0.5686464600501513,0.05383591151532381,0.37302927574530914,0.45627518419186697,0.038513198111729326,-0.0034824415412911015,0.12783830565925758,0.3035554945496769,1.0,1.0,5
ds005540,cbramod_pretrained,combined_population,-0.0034824415412911015,0.03854718664277748,0.45895871277954825,0.07436203227997858,0.30100354565184595,0.3723408498083529,0.024818110007020652,-0.0034824415412911015,0.0,0.3035554945496769,,1.0,5
ds005540,cbramod_pretrained,eeg_personalized,-0.011718556551118484,0.03913086408444758,0.15007144717149967,0.05097313966906774,0.10709098068258285,0.1336939655869511,0.04572526266484817,-0.01774870985063276,0.12799000168967725,0.0001504567005926865,1.0,,5
ds005540,cbramod_pretrained,eeg_population,-0.011718556551118484,0.03913086408444758,-0.01774870985063276,0.027681040200417804,-0.013529580453947341,-0.014167217742310681,0.03328668912819242,-0.01774870985063276,0.0,0.0001504567005926865,,,5
ds005540,cbramod_pretrained,prior,0.0,0.0,0.4809207257700794,0.07907233409572147,0.31754849775425653,0.39020456480991206,0.04497459836908736,0.0,0.0,0.31904680572274724,,1.0,5
ds005540,cbramod_random,combined_personalized,0.006905690185858999,0.020555550161665655,0.5840161014639842,0.04980784044613738,0.3837489286565335,0.46399180333572376,0.04414232092399296,0.006905690185858999,0.13581763491579416,0.31166733356867254,1.0,1.0,5
ds005540,cbramod_random,combined_population,0.006905690185858999,0.020555550161665655,0.48169540262413746,0.07833600396363136,0.31862972413595625,0.3904639596467185,0.04946520165119088,0.006905690185858999,0.0,0.31166733356867254,,1.0,5
ds005540,cbramod_random,eeg_personalized,-0.02089704211243178,0.0496403462610577,0.1680766364671305,0.06928060017299524,0.10534339651366166,0.13439169780087484,0.06731820449549698,-0.025819320075685003,0.12756557225259454,0.0003662296367725401,1.0,8.0,5
ds005540,cbramod_random,eeg_population,-0.02089704211243178,0.0496403462610577,-0.00788179681926712,0.032207227917623794,-0.01986052206660283,-0.019749102979231235,0.05289444702174587,-0.025819320075685003,0.0,0.0003662296367725401,,8.0,5
ds005540,cbramod_random,prior,0.0,0.0,0.4809207257700794,0.07907233409572147,0.31754849775425653,0.39020456480991206,0.04497459836908736,0.0,0.0,0.31904680572274724,,1.0,5
ds005540,de,combined_personalized,0.00780924714626728,0.0485459407208197,0.5598525829979846,0.055059198937900775,0.37018306071365165,0.44851282443307106,0.05822159594159872,0.00780924714626728,0.1334142522404101,0.2782103737644921,1.0,1.0,5
ds005540,de,combined_population,0.00780924714626728,0.0485459407208197,0.44157880521584164,0.10291843850588438,0.30439514557038744,0.3757854185545705,0.04075631663266872,0.00780924714626728,0.0,0.2782103737644921,,1.0,5
ds005540,de,eeg_personalized,0.0125624418067733,0.03612814517709569,0.1738472919779417,0.08030852434805667,0.12090425374597548,0.14521368302504525,0.05587940809093253,0.0025510459212313,0.11351871007988926,-0.010011395885542,1.0,2.0,5
ds005540,de,eeg_population,0.0125624418067733,0.03612814517709569,0.022405143968440483,0.03917634820882771,0.01793314598282576,0.02177386640416821,0.04536557926327675,0.0025510459212313,0.0,-0.010011395885542,,2.0,5
ds005540,de,prior,0.0,0.0,0.4809207257700794,0.07907233409572147,0.31754849775425653,0.39020456480991206,0.04497459836908736,0.0,0.0,0.31904680572274724,,1.0,5
ds005540,labram_pretrained,combined_personalized,-0.00518931425726762,0.01195751667130324,0.5748353004972577,0.062034909076048,0.3795920486983423,0.4604484159968499,0.04998325843658832,-0.00518931425726762,0.14689752954177818,0.3180715037222724,1.0,1.0,5
ds005540,labram_pretrained,combined_population,-0.00518931425726762,0.01195751667130324,0.467636483937586,0.09955798426283315,0.3081994114647597,0.3797929604674391,0.043842560148168334,-0.00518931425726762,0.0,0.3180715037222724,,1.0,5
ds005540,labram_pretrained,eeg_personalized,-0.015143101754891062,0.009628510713694267,0.1758214539956139,0.06861246555706647,0.11575939873700297,0.14467077323825134,0.04840772337999479,-0.015143101754891062,0.134667489086378,0.0010712857644512835,1.0,4.0,5
ds005540,labram_pretrained,eeg_population,-0.015143101754891062,0.009628510713694267,-0.0042942697999550795,0.01643068223468345,-0.010252863863881688,-0.008537719510037296,0.011199293931425547,-0.015143101754891062,0.0,0.0010712857644512835,,4.0,5
ds005540,labram_pretrained,prior,0.0,0.0,0.4809207257700794,0.07907233409572147,0.31754849775425653,0.39020456480991206,0.04497459836908736,0.0,0.0,0.31904680572274724,,1.0,5
ds005540,labram_random,combined_personalized,-0.00456785258288378,0.03930905672005433,0.5711016940843112,0.06359328120244352,0.3822027496820517,0.4642351178501314,0.0608534341605811,-0.00456785258288378,0.14561753213713377,0.31735527143043957,1.0,1.0,5
ds005540,labram_random,combined_population,-0.00456785258288378,0.03930905672005433,0.46288589912147166,0.08578700671793595,0.30918178609962005,0.3809782520194511,0.05530074896768875,-0.00456785258288378,0.0,0.31735527143043957,,1.0,5
ds005540,labram_random,eeg_personalized,-0.01140498368444974,0.04296237971067863,0.15492468966771197,0.0846533113902785,0.11051572814620896,0.13788806509492937,0.06981045587151831,-0.013832911311091262,0.1270983608109474,0.00030044331978950137,1.0,,5
ds005540,labram_random,eeg_population,-0.01140498368444974,0.04296237971067863,-0.013832911311091262,0.03165795314133477,-0.011178061988132306,-0.010644013987240158,0.03548592577590992,-0.013832911311091262,0.0,0.00030044331978950137,,,5
ds005540,labram_random,prior,0.0,0.0,0.4809207257700794,0.07907233409572147,0.31754849775425653,0.39020456480991206,0.04497459836908736,0.0,0.0,0.31904680572274724,,1.0,5
ds006866,bandpower,combined_personalized,0.00276767630633582,0.0127028557678835,0.32839216974952257,0.036913043433308534,0.19165864993366682,0.2500981172388729,0.03516222232553714,0.0011283893216847804,0.2591521355713094,-0.0016392869846510397,2.0,,5
ds006866,bandpower,combined_population,0.00276767630633582,0.0127028557678835,0.00138761394191114,0.013487387464062622,0.00176122652331058,0.0014305094273510451,0.012469932611719,0.0011283893216847804,0.0,-0.0016392869846510397,,,5
ds006866,bandpower,eeg_personalized,0.00230785371447374,0.013512115247290228,0.2757058178302497,0.05384409644217089,0.16752371501274807,0.2159553719037787,0.041680294117108274,0.00230785371447374,0.22224158470396632,1.580972861259418e-05,2.0,2.0,5
ds006866,bandpower,eeg_population,0.00230785371447374,0.013512115247290228,0.0023196148461088234,0.01346153145981389,0.002317044001222966,0.0023201690031431936,0.013501850897031528,0.00230785371447374,0.0,1.580972861259418e-05,,2.0,5
ds006866,bandpower,prior,-2.4693844030759374e-32,2.8814918175179456e-32,0.0,0.0,-8.231281343586457e-33,-3.086730503844922e-33,3.601864771897432e-33,-2.4693844030759374e-32,0.0,2.4693844030759374e-32,,2.0,5
