dataset_id,representation,effect,left_participant_dose,left_stimulus_dose,left_predictor,right_participant_dose,right_stimulus_dose,right_predictor,seed_count,ccc_delta_mean,ccc_delta_crossed_bootstrap_95ci,ccc_exact_seed_sign_flip_p,mae_delta_crossed_bootstrap_mean,mae_delta_crossed_bootstrap_95ci,bootstrap_iterations,bootstrap_valid_ccc_iterations,bootstrap_valid_mae_iterations
ds002721,bandpower,participant_calibration,0,0,combined_population,8,0,combined_personalized,5,0.1128570499818486,"[-0.0037541114038065985, 0.23862427030974884]",0.0625,-0.00830333875509503,"[-0.03857490289875405, 0.021769979037950037]",1000,1000,1000
ds002721,bandpower,stimulus_exposure,0,0,combined_population,0,4,combined_population,5,0.09957280365185663,"[-0.09204049951243844, 0.254367490295897]",0.1875,-0.02392732498591258,"[-0.06655631563286825, 0.02546421034140382]",1000,1000,1000
ds002721,bandpower,joint_exposure,0,0,combined_population,8,4,combined_personalized,5,0.21847067242455037,"[0.01721605649363458, 0.3619385755250513]",0.0625,-0.0463511049025999,"[-0.08700251677312924, -0.008429531366289059]",1000,1000,1000
ds002721,bandpower,stimulus_prior,0,0,prior,0,4,prior,5,0.10324887555940336,"[-0.09748164823622266, 0.2747400990161627]",0.25,-0.02939243273753035,"[-0.07387906734486005, 0.018002195853141986]",1000,1000,1000
ds002721,labram_pretrained,participant_calibration,0,0,combined_population,8,0,combined_personalized,5,0.09530230324105386,"[-0.009665961720865889, 0.20372752702338381]",0.1875,-0.002486949435367537,"[-0.03210654272141199, 0.030613403788434756]",1000,1000,1000
ds002721,labram_pretrained,stimulus_exposure,0,0,combined_population,0,4,combined_population,5,0.10595488386214584,"[-0.09500704570287377, 0.2798237027281157]",0.1875,-0.03365083325311977,"[-0.07976240291175277, 0.014218970898034262]",1000,1000,1000
ds002721,labram_pretrained,joint_exposure,0,0,combined_population,8,4,combined_personalized,5,0.20445587231819862,"[0.015664047877188173, 0.3319738280457475]",0.0625,-0.04730483617379775,"[-0.08809040962479034, -0.0023533280984719663]",1000,1000,1000
ds002721,labram_pretrained,stimulus_prior,0,0,prior,0,4,prior,5,0.10324887555940336,"[-0.09938064558553021, 0.24991443150593476]",0.25,-0.027778353843397604,"[-0.07362801263024454, 0.01942545669231131]",1000,1000,1000
ds002721,labram_random,participant_calibration,0,0,combined_population,8,0,combined_personalized,5,0.101666118558562,"[-0.010287972322584688, 0.2114573753033627]",0.0625,-0.0006080918074409724,"[-0.034201073393547506, 0.032965056787344134]",1000,1000,1000
ds002721,labram_random,stimulus_exposure,0,0,combined_population,0,4,combined_population,5,0.09206173847562957,"[-0.1084511108140809, 0.25769245857279993]",0.3125,-0.02706954057201703,"[-0.07704994812214988, 0.01903917819948677]",1000,1000,1000
ds002721,labram_random,joint_exposure,0,0,combined_population,8,4,combined_personalized,5,0.2056708788771912,"[0.017447210171403986, 0.3489710410532375]",0.0625,-0.043192259493552196,"[-0.08693045774265555, 0.00331205983597753]",1000,1000,1000
ds002721,labram_random,stimulus_prior,0,0,prior,0,4,prior,5,0.10324887555940336,"[-0.13571069567469093, 0.24983942834378972]",0.25,-0.026964479898501002,"[-0.07270050696810162, 0.02374585256681718]",1000,1000,1000
ds003751,bandpower,participant_calibration,0,0,combined_population,2,0,combined_personalized,4,0.11506589163542937,"[-0.16189151098622226, 0.2760929524323681]",0.125,-0.007582591962649626,"[-0.08595093596766588, 0.06550099768154329]",1000,1000,1000
ds003751,bandpower,stimulus_exposure,0,0,combined_population,0,2,combined_population,4,0.5479879210261368,"[-0.019387788688453204, 0.6499005197842792]",0.125,-0.09057043854108056,"[-0.18647258075495715, 0.015193483316433276]",1000,1000,1000
ds003751,bandpower,joint_exposure,0,0,combined_population,2,2,combined_personalized,4,0.6107241236790729,"[-0.0038512148771997373, 0.7200050088418367]",0.125,-0.11065272898346072,"[-0.2194211325092742, 0.0259992934761664]",1000,1000,1000
ds003751,bandpower,stimulus_prior,0,0,prior,0,2,prior,4,0.6606912920389714,"[0.039153143903289736, 0.7557415408728361]",0.125,-0.12576168735984286,"[-0.20779266837352245, -0.01596729755704375]",1000,1000,1000
ds005540,cbramod_pretrained,participant_calibration,0,0,combined_population,8,0,combined_personalized,5,0.17415762072582014,"[0.05989059765674632, 0.24130997947593238]",0.0625,-0.011014539212556178,"[-0.029260903324111992, 0.004178167936391084]",1000,1000,1000
ds005540,cbramod_pretrained,stimulus_exposure,0,0,combined_population,0,8,combined_population,5,0.46244115432083943,"[0.2942278468276809, 0.5264238273712061]",0.0625,-0.03395003556473165,"[-0.0607859298553273, -0.005529621983156609]",1000,1000,1000
ds005540,cbramod_pretrained,joint_exposure,0,0,combined_population,8,8,combined_personalized,5,0.5721289015914424,"[0.3951259896081705, 0.6261345300832356]",0.0625,-0.0500537452560724,"[-0.07752350479996202, -0.02263332081401168]",1000,1000,1000
ds005540,cbramod_pretrained,stimulus_prior,0,0,prior,0,8,prior,5,0.4809207257700794,"[0.3224051053464573, 0.53961280812124]",0.0625,-0.039285218691122295,"[-0.06296679190682244, -0.01572345598600034]",1000,1000,1000
ds005540,cbramod_random,participant_calibration,0,0,combined_population,8,0,combined_personalized,5,0.17439096513595045,"[0.07220088072114193, 0.22816587726619292]",0.0625,-0.011033986653271629,"[-0.028928757805518512, 0.005028206094093438]",1000,1000,1000
ds005540,cbramod_random,stimulus_exposure,0,0,combined_population,0,8,combined_population,5,0.4747897124382785,"[0.2974958955369802, 0.542527399753912]",0.0625,-0.038900019732015116,"[-0.06234906868280657, -0.012725230060282892]",1000,1000,1000
ds005540,cbramod_random,joint_exposure,0,0,combined_population,8,8,combined_personalized,5,0.5771104112781251,"[0.3984203394800397, 0.6306517642276375]",0.0625,-0.05072656166443688,"[-0.07573129966092597, -0.02475196900032452]",1000,1000,1000
ds005540,cbramod_random,stimulus_prior,0,0,prior,0,8,prior,5,0.4809207257700794,"[0.3144161496697036, 0.5509490996571133]",0.0625,-0.039470499257559924,"[-0.06347138124301256, -0.015072356066303633]",1000,1000,1000
ds005540,de,participant_calibration,0,0,combined_population,8,0,combined_personalized,5,0.1636017432229569,"[0.031264813997834345, 0.23364094681573291]",0.0625,-0.01356247040933851,"[-0.034733030570340315, 0.0033602450359289573]",1000,1000,1000
ds005540,de,stimulus_exposure,0,0,combined_population,0,8,combined_population,5,0.4337695580695743,"[0.23487992637078858, 0.53148741739393]",0.0625,-0.030594518302441413,"[-0.06279684000024349, -0.0013553306111084313]",1000,1000,1000
ds005540,de,joint_exposure,0,0,combined_population,8,8,combined_personalized,5,0.5520433358517173,"[0.36004028458070464, 0.6265828981642415]",0.0625,-0.05069150912549329,"[-0.08040300219761075, -0.0225373203585641]",1000,1000,1000
ds005540,de,stimulus_prior,0,0,prior,0,8,prior,5,0.4809207257700794,"[0.3039008242293675, 0.5458007727711331]",0.0625,-0.03936562774957774,"[-0.06398705807323944, -0.015407631265791923]",1000,1000,1000
ds005540,labram_pretrained,participant_calibration,0,0,combined_population,8,0,combined_personalized,5,0.17883042349805955,"[0.0712107124494336, 0.23065373272566153]",0.0625,-0.010640519721764411,"[-0.02834750534207176, 0.004856486184364911]",1000,1000,1000
ds005540,labram_pretrained,stimulus_exposure,0,0,combined_population,0,8,combined_population,5,0.4728257981948536,"[0.29004400127452096, 0.5419687903974225]",0.0625,-0.03701588898302205,"[-0.06249271390829102, -0.0120822411022189]",1000,1000,1000
ds005540,labram_pretrained,joint_exposure,0,0,combined_population,8,8,combined_personalized,5,0.5800246147545256,"[0.40717395375538756, 0.6219174207039093]",0.0625,-0.04657089967738399,"[-0.0727749206577402, -0.018611696322750004]",1000,1000,1000
ds005540,labram_pretrained,stimulus_prior,0,0,prior,0,8,prior,5,0.4809207257700794,"[0.3125812503567199, 0.5511057326803804]",0.0625,-0.03890417173087317,"[-0.06237352576915413, -0.01601306049294268]",1000,1000,1000
ds005540,labram_random,participant_calibration,0,0,combined_population,8,0,combined_personalized,5,0.17437734973892072,"[0.06567644197396305, 0.2338216877070628]",0.0625,-0.010186646409913165,"[-0.02829152108849596, 0.004487092652539761]",1000,1000,1000
ds005540,labram_random,stimulus_exposure,0,0,combined_population,0,8,combined_population,5,0.46745375170435544,"[0.30188538575799684, 0.5330591480510658]",0.0625,-0.03875452064832909,"[-0.06450807832307791, -0.014041854219267064]",1000,1000,1000
ds005540,labram_random,joint_exposure,0,0,combined_population,8,8,combined_personalized,5,0.5756695466671949,"[0.4033376903522289, 0.6230319849756919]",0.0625,-0.05307314469222128,"[-0.0776777557876196, -0.027187097733087057]",1000,1000,1000
ds005540,labram_random,stimulus_prior,0,0,prior,0,8,prior,5,0.4809207257700794,"[0.31380879655285043, 0.554087675261618]",0.0625,-0.03970305690438549,"[-0.06305413547963185, -0.015537634288073122]",1000,1000,1000
ds006866,bandpower,participant_calibration,0,0,combined_population,8,0,combined_personalized,5,0.2855764734985491,"[0.21318462724275067, 0.34608975998708214]",0.0625,-0.026838318211152977,"[-0.037587387553027214, -0.015289002419293766]",1000,1000,1000
ds006866,bandpower,stimulus_exposure,0,0,combined_population,0,8,combined_population,5,-0.0013800623644246754,"[-0.0071179015820329655, 0.004172705518896348]",0.125,-0.028377543325791003,"[-0.06987363700947598, -0.0016112046932123144]",1000,1000,1000
ds006866,bandpower,joint_exposure,0,0,combined_population,8,8,combined_personalized,5,0.3256244934431868,"[0.2693801776704382, 0.3684575289520286]",0.0625,-0.055218850900876686,"[-0.09016720681608427, -0.03030047565942264]",1000,1000,1000
ds006866,bandpower,stimulus_prior,0,0,prior,0,8,prior,5,2.625355365057886e-32,"[-2.613745549286318e-32, 2.4224694746623788e-32]",1.0,-0.028900763190158985,"[-0.069230534356896, -0.00030336062019936975]",1000,1000,1000
