analysis,variant,endpoint,metric,value,ci_low,ci_high,sign_flip_p,source_asset,source_sha256
support_matched,direct_eeg,matched_minus_joint,ccc_delta,0.151072472692,0.0348564504967,0.215588811368,0.0625,support_matched_statistics,0a686de58cece35a3b681274290b889bff9f947b2a85e3263201b32307104cd0
support_matched,direct_eeg,matched_minus_joint,mae_delta,-0.00550443501398,-0.0215885928339,0.0133242604068,0.1875,support_matched_statistics,0a686de58cece35a3b681274290b889bff9f947b2a85e3263201b32307104cd0
support_matched,disentangled_prior_plus_eeg_residual,matched_minus_joint,ccc_delta,0.211065344223,0.110092524039,0.270574059486,0.0625,support_matched_statistics,0a686de58cece35a3b681274290b889bff9f947b2a85e3263201b32307104cd0
support_matched,disentangled_prior_plus_eeg_residual,matched_minus_joint,mae_delta,-0.0264676259106,-0.0441916450687,-0.00844526725052,0.0625,support_matched_statistics,0a686de58cece35a3b681274290b889bff9f947b2a85e3263201b32307104cd0
support_matched,global_mean,matched_minus_joint,ccc_delta,5.8977371087e-33,-1.85972252055e-32,2.09949271075e-32,1,support_matched_statistics,0a686de58cece35a3b681274290b889bff9f947b2a85e3263201b32307104cd0
support_matched,global_mean,matched_minus_joint,mae_delta,-0.00309252495267,-0.00725479341845,3.48906006403e-05,0.125,support_matched_statistics,0a686de58cece35a3b681274290b889bff9f947b2a85e3263201b32307104cd0
support_matched,hybrid_stimulus_prior,matched_minus_joint,ccc_delta,0.0991363028561,0.0063486153164,0.168783915859,0.0625,support_matched_statistics,0a686de58cece35a3b681274290b889bff9f947b2a85e3263201b32307104cd0
support_matched,hybrid_stimulus_prior,matched_minus_joint,mae_delta,-0.00871382637375,-0.0247152917392,0.00559011071854,0.125,support_matched_statistics,0a686de58cece35a3b681274290b889bff9f947b2a85e3263201b32307104cd0
support_matched,semantic_stimulus_prior,matched_minus_joint,ccc_delta,0.0826685798052,0.0042063853571,0.13810548267,0.0625,support_matched_statistics,0a686de58cece35a3b681274290b889bff9f947b2a85e3263201b32307104cd0
support_matched,semantic_stimulus_prior,matched_minus_joint,mae_delta,-0.00951681155007,-0.0208475180412,0.00308009861815,0.0625,support_matched_statistics,0a686de58cece35a3b681274290b889bff9f947b2a85e3263201b32307104cd0
support_matched_support,test,across_seed_range,test_rows_min,32,,,,support_matched_statistics,0a686de58cece35a3b681274290b889bff9f947b2a85e3263201b32307104cd0
support_matched_support,test,across_seed_range,test_rows_max,56,,,,support_matched_statistics,0a686de58cece35a3b681274290b889bff9f947b2a85e3263201b32307104cd0
support_matched_support,test,across_seed_range,subject_clusters_min,4,,,,support_matched_statistics,0a686de58cece35a3b681274290b889bff9f947b2a85e3263201b32307104cd0
support_matched_support,test,across_seed_range,subject_clusters_max,7,,,,support_matched_statistics,0a686de58cece35a3b681274290b889bff9f947b2a85e3263201b32307104cd0
support_matched_support,test,across_seed_range,stimulus_clusters_min,8,,,,support_matched_statistics,0a686de58cece35a3b681274290b889bff9f947b2a85e3263201b32307104cd0
support_matched_support,test,across_seed_range,stimulus_clusters_max,8,,,,support_matched_statistics,0a686de58cece35a3b681274290b889bff9f947b2a85e3263201b32307104cd0
subject_subspace,pca,baseline,combined_ccc,0.446399844582,,,,subject_subspace_statistics,11d25b98fa6494de8ecdc4fc1c2ba2950a6a74452a7db71542075ff96117fbd8
subject_subspace,pca,baseline,combined_mae,0.168483475682,,,,subject_subspace_statistics,11d25b98fa6494de8ecdc4fc1c2ba2950a6a74452a7db71542075ff96117fbd8
subject_subspace,pca,baseline,subject_balanced_accuracy,0.964166666667,,,,subject_subspace_statistics,11d25b98fa6494de8ecdc4fc1c2ba2950a6a74452a7db71542075ff96117fbd8
subject_subspace,pca,max_removal,combined_ccc,0.417241119534,,,,subject_subspace_statistics,11d25b98fa6494de8ecdc4fc1c2ba2950a6a74452a7db71542075ff96117fbd8
subject_subspace,pca,max_removal,combined_mae,0.170665318811,,,,subject_subspace_statistics,11d25b98fa6494de8ecdc4fc1c2ba2950a6a74452a7db71542075ff96117fbd8
subject_subspace,pca,max_removal,subject_balanced_accuracy,0.7775,,,,subject_subspace_statistics,11d25b98fa6494de8ecdc4fc1c2ba2950a6a74452a7db71542075ff96117fbd8
subject_subspace,pca,max_minus_baseline,ccc_delta,-0.0291587250476,-0.0639911720714,0.0105214588952,0.1875,subject_subspace_statistics,11d25b98fa6494de8ecdc4fc1c2ba2950a6a74452a7db71542075ff96117fbd8
subject_subspace,pca,max_minus_baseline,mae_delta,0.00218184312884,-0.00221188416802,0.00651191829203,0.1875,subject_subspace_statistics,11d25b98fa6494de8ecdc4fc1c2ba2950a6a74452a7db71542075ff96117fbd8
subject_subspace,pca,max_minus_baseline,subject_balanced_accuracy_delta,-0.186666666667,,,0.0625,subject_subspace_statistics,11d25b98fa6494de8ecdc4fc1c2ba2950a6a74452a7db71542075ff96117fbd8
subject_subspace,pca,full_curve,within_seed_identity_ccc_correlation,0.655751578172,,,,subject_subspace_statistics,11d25b98fa6494de8ecdc4fc1c2ba2950a6a74452a7db71542075ff96117fbd8
subject_subspace,random,baseline,combined_ccc,0.446399844582,,,,subject_subspace_statistics,11d25b98fa6494de8ecdc4fc1c2ba2950a6a74452a7db71542075ff96117fbd8
subject_subspace,random,baseline,combined_mae,0.168483475682,,,,subject_subspace_statistics,11d25b98fa6494de8ecdc4fc1c2ba2950a6a74452a7db71542075ff96117fbd8
subject_subspace,random,baseline,subject_balanced_accuracy,0.964166666667,,,,subject_subspace_statistics,11d25b98fa6494de8ecdc4fc1c2ba2950a6a74452a7db71542075ff96117fbd8
subject_subspace,random,max_removal,combined_ccc,0.443929051171,,,,subject_subspace_statistics,11d25b98fa6494de8ecdc4fc1c2ba2950a6a74452a7db71542075ff96117fbd8
subject_subspace,random,max_removal,combined_mae,0.168658496511,,,,subject_subspace_statistics,11d25b98fa6494de8ecdc4fc1c2ba2950a6a74452a7db71542075ff96117fbd8
subject_subspace,random,max_removal,subject_balanced_accuracy,0.951666666667,,,,subject_subspace_statistics,11d25b98fa6494de8ecdc4fc1c2ba2950a6a74452a7db71542075ff96117fbd8
subject_subspace,random,max_minus_baseline,ccc_delta,-0.00247079341097,-0.00810134939147,0.0019505668281,0.1875,subject_subspace_statistics,11d25b98fa6494de8ecdc4fc1c2ba2950a6a74452a7db71542075ff96117fbd8
subject_subspace,random,max_minus_baseline,mae_delta,0.000175020828396,-0.000631518857186,0.00100770993994,0.25,subject_subspace_statistics,11d25b98fa6494de8ecdc4fc1c2ba2950a6a74452a7db71542075ff96117fbd8
subject_subspace,random,max_minus_baseline,subject_balanced_accuracy_delta,-0.0125,,,0.125,subject_subspace_statistics,11d25b98fa6494de8ecdc4fc1c2ba2950a6a74452a7db71542075ff96117fbd8
subject_subspace,random,full_curve,within_seed_identity_ccc_correlation,-0.0515344348943,,,,subject_subspace_statistics,11d25b98fa6494de8ecdc4fc1c2ba2950a6a74452a7db71542075ff96117fbd8
subject_subspace,subject_centroid,baseline,combined_ccc,0.446399844582,,,,subject_subspace_statistics,11d25b98fa6494de8ecdc4fc1c2ba2950a6a74452a7db71542075ff96117fbd8
subject_subspace,subject_centroid,baseline,combined_mae,0.168483475682,,,,subject_subspace_statistics,11d25b98fa6494de8ecdc4fc1c2ba2950a6a74452a7db71542075ff96117fbd8
subject_subspace,subject_centroid,baseline,subject_balanced_accuracy,0.964166666667,,,,subject_subspace_statistics,11d25b98fa6494de8ecdc4fc1c2ba2950a6a74452a7db71542075ff96117fbd8
subject_subspace,subject_centroid,max_removal,combined_ccc,0.380824049342,,,,subject_subspace_statistics,11d25b98fa6494de8ecdc4fc1c2ba2950a6a74452a7db71542075ff96117fbd8
subject_subspace,subject_centroid,max_removal,combined_mae,0.173152797862,,,,subject_subspace_statistics,11d25b98fa6494de8ecdc4fc1c2ba2950a6a74452a7db71542075ff96117fbd8
subject_subspace,subject_centroid,max_removal,subject_balanced_accuracy,0.0341666666667,,,,subject_subspace_statistics,11d25b98fa6494de8ecdc4fc1c2ba2950a6a74452a7db71542075ff96117fbd8
subject_subspace,subject_centroid,max_minus_baseline,ccc_delta,-0.0655757952398,-0.107025041388,-0.0272000428007,0.0625,subject_subspace_statistics,11d25b98fa6494de8ecdc4fc1c2ba2950a6a74452a7db71542075ff96117fbd8
subject_subspace,subject_centroid,max_minus_baseline,mae_delta,0.00466932217959,-0.000528263559621,0.0103060959347,0.125,subject_subspace_statistics,11d25b98fa6494de8ecdc4fc1c2ba2950a6a74452a7db71542075ff96117fbd8
subject_subspace,subject_centroid,max_minus_baseline,subject_balanced_accuracy_delta,-0.93,,,0.0625,subject_subspace_statistics,11d25b98fa6494de8ecdc4fc1c2ba2950a6a74452a7db71542075ff96117fbd8
subject_subspace,subject_centroid,full_curve,within_seed_identity_ccc_correlation,0.840613106744,,,,subject_subspace_statistics,11d25b98fa6494de8ecdc4fc1c2ba2950a6a74452a7db71542075ff96117fbd8
subject_subspace_specificity,pca,identity_minus_control_endpoint_effect,ccc_difference_in_differences,-0.0364170701922,-0.0623999961565,-0.0117547432835,0.0625,subject_subspace_statistics,11d25b98fa6494de8ecdc4fc1c2ba2950a6a74452a7db71542075ff96117fbd8
subject_subspace_specificity,random,identity_minus_control_endpoint_effect,ccc_difference_in_differences,-0.0631050018289,-0.102774820938,-0.0262516966974,0.0625,subject_subspace_statistics,11d25b98fa6494de8ecdc4fc1c2ba2950a6a74452a7db71542075ff96117fbd8
semantic_prior_ablation,full,stimulus_holdout,ccc_mean,0.376481178796,,,,semantic_prior_ablation_statistics,d8c3ab210a198271be734908cf02838bf85c8a84deb43bb1bd2fcf0d23d771ed
semantic_prior_ablation,full,stimulus_holdout,mae_mean,0.170791767161,,,,semantic_prior_ablation_statistics,d8c3ab210a198271be734908cf02838bf85c8a84deb43bb1bd2fcf0d23d771ed
semantic_prior_ablation,no_category,stimulus_holdout,ccc_mean,0.0715586486599,,,,semantic_prior_ablation_statistics,d8c3ab210a198271be734908cf02838bf85c8a84deb43bb1bd2fcf0d23d771ed
semantic_prior_ablation,no_category,stimulus_holdout,mae_mean,0.201800734409,,,,semantic_prior_ablation_statistics,d8c3ab210a198271be734908cf02838bf85c8a84deb43bb1bd2fcf0d23d771ed
semantic_prior_ablation,no_context,stimulus_holdout,ccc_mean,0.380249937315,,,,semantic_prior_ablation_statistics,d8c3ab210a198271be734908cf02838bf85c8a84deb43bb1bd2fcf0d23d771ed
semantic_prior_ablation,no_context,stimulus_holdout,mae_mean,0.170300453223,,,,semantic_prior_ablation_statistics,d8c3ab210a198271be734908cf02838bf85c8a84deb43bb1bd2fcf0d23d771ed
semantic_prior_ablation,no_description,stimulus_holdout,ccc_mean,0.383956661828,,,,semantic_prior_ablation_statistics,d8c3ab210a198271be734908cf02838bf85c8a84deb43bb1bd2fcf0d23d771ed
semantic_prior_ablation,no_description,stimulus_holdout,mae_mean,0.17074228475,,,,semantic_prior_ablation_statistics,d8c3ab210a198271be734908cf02838bf85c8a84deb43bb1bd2fcf0d23d771ed
semantic_prior_ablation,no_intensity,stimulus_holdout,ccc_mean,0.398199496255,,,,semantic_prior_ablation_statistics,d8c3ab210a198271be734908cf02838bf85c8a84deb43bb1bd2fcf0d23d771ed
semantic_prior_ablation,no_intensity,stimulus_holdout,mae_mean,0.168468266311,,,,semantic_prior_ablation_statistics,d8c3ab210a198271be734908cf02838bf85c8a84deb43bb1bd2fcf0d23d771ed
semantic_prior_ablation,no_category,stimulus_holdout,ccc_full_minus_ablation,0.304922530136,0.20894680669,0.341574917141,0.0625,semantic_prior_ablation_statistics,d8c3ab210a198271be734908cf02838bf85c8a84deb43bb1bd2fcf0d23d771ed
semantic_prior_ablation,no_category,stimulus_holdout,mae_full_minus_ablation,-0.0310089672479,-0.0407520376744,-0.0218679782748,0.0625,semantic_prior_ablation_statistics,d8c3ab210a198271be734908cf02838bf85c8a84deb43bb1bd2fcf0d23d771ed
semantic_prior_ablation,no_context,stimulus_holdout,ccc_full_minus_ablation,-0.00376875851858,-0.00954060088261,0.00152852510102,0.4375,semantic_prior_ablation_statistics,d8c3ab210a198271be734908cf02838bf85c8a84deb43bb1bd2fcf0d23d771ed
semantic_prior_ablation,no_context,stimulus_holdout,mae_full_minus_ablation,0.000491313938059,-0.00027188676056,0.00150808912618,0.375,semantic_prior_ablation_statistics,d8c3ab210a198271be734908cf02838bf85c8a84deb43bb1bd2fcf0d23d771ed
semantic_prior_ablation,no_description,stimulus_holdout,ccc_full_minus_ablation,-0.00747548303204,-0.0358056158094,0.0192707402977,0.6875,semantic_prior_ablation_statistics,d8c3ab210a198271be734908cf02838bf85c8a84deb43bb1bd2fcf0d23d771ed
semantic_prior_ablation,no_description,stimulus_holdout,mae_full_minus_ablation,4.94824114764e-05,-0.00365710733472,0.00339100738717,0.9375,semantic_prior_ablation_statistics,d8c3ab210a198271be734908cf02838bf85c8a84deb43bb1bd2fcf0d23d771ed
semantic_prior_ablation,no_intensity,stimulus_holdout,ccc_full_minus_ablation,-0.0217183174583,-0.0484249364359,0.00139470368951,0.375,semantic_prior_ablation_statistics,d8c3ab210a198271be734908cf02838bf85c8a84deb43bb1bd2fcf0d23d771ed
semantic_prior_ablation,no_intensity,stimulus_holdout,mae_full_minus_ablation,0.00232350084998,-0.000210254198567,0.00573393148914,0.3125,semantic_prior_ablation_statistics,d8c3ab210a198271be734908cf02838bf85c8a84deb43bb1bd2fcf0d23d771ed
semantic_prior_ablation,full,subject_holdout,ccc_mean,0.49764544743,,,,semantic_prior_ablation_statistics,d8c3ab210a198271be734908cf02838bf85c8a84deb43bb1bd2fcf0d23d771ed
semantic_prior_ablation,full,subject_holdout,mae_mean,0.160622711394,,,,semantic_prior_ablation_statistics,d8c3ab210a198271be734908cf02838bf85c8a84deb43bb1bd2fcf0d23d771ed
semantic_prior_ablation,no_category,subject_holdout,ccc_mean,0.500768272083,,,,semantic_prior_ablation_statistics,d8c3ab210a198271be734908cf02838bf85c8a84deb43bb1bd2fcf0d23d771ed
semantic_prior_ablation,no_category,subject_holdout,mae_mean,0.160353530944,,,,semantic_prior_ablation_statistics,d8c3ab210a198271be734908cf02838bf85c8a84deb43bb1bd2fcf0d23d771ed
semantic_prior_ablation,no_context,subject_holdout,ccc_mean,0.497613681565,,,,semantic_prior_ablation_statistics,d8c3ab210a198271be734908cf02838bf85c8a84deb43bb1bd2fcf0d23d771ed
semantic_prior_ablation,no_context,subject_holdout,mae_mean,0.160593859278,,,,semantic_prior_ablation_statistics,d8c3ab210a198271be734908cf02838bf85c8a84deb43bb1bd2fcf0d23d771ed
semantic_prior_ablation,no_description,subject_holdout,ccc_mean,0.44321772179,,,,semantic_prior_ablation_statistics,d8c3ab210a198271be734908cf02838bf85c8a84deb43bb1bd2fcf0d23d771ed
semantic_prior_ablation,no_description,subject_holdout,mae_mean,0.166872042326,,,,semantic_prior_ablation_statistics,d8c3ab210a198271be734908cf02838bf85c8a84deb43bb1bd2fcf0d23d771ed
semantic_prior_ablation,no_intensity,subject_holdout,ccc_mean,0.49726744183,,,,semantic_prior_ablation_statistics,d8c3ab210a198271be734908cf02838bf85c8a84deb43bb1bd2fcf0d23d771ed
semantic_prior_ablation,no_intensity,subject_holdout,mae_mean,0.160678419668,,,,semantic_prior_ablation_statistics,d8c3ab210a198271be734908cf02838bf85c8a84deb43bb1bd2fcf0d23d771ed
semantic_prior_ablation,no_category,subject_holdout,ccc_full_minus_ablation,-0.00312282465281,-0.0131152887511,0.00685308965867,0.625,semantic_prior_ablation_statistics,d8c3ab210a198271be734908cf02838bf85c8a84deb43bb1bd2fcf0d23d771ed
semantic_prior_ablation,no_category,subject_holdout,mae_full_minus_ablation,0.000269180450005,-0.000573758155105,0.00119424939966,0.125,semantic_prior_ablation_statistics,d8c3ab210a198271be734908cf02838bf85c8a84deb43bb1bd2fcf0d23d771ed
semantic_prior_ablation,no_context,subject_holdout,ccc_full_minus_ablation,3.17658649235e-05,-0.000167855628604,0.000279468013805,0.0625,semantic_prior_ablation_statistics,d8c3ab210a198271be734908cf02838bf85c8a84deb43bb1bd2fcf0d23d771ed
semantic_prior_ablation,no_context,subject_holdout,mae_full_minus_ablation,2.88521154192e-05,-3.99700742206e-06,7.45116379007e-05,0.125,semantic_prior_ablation_statistics,d8c3ab210a198271be734908cf02838bf85c8a84deb43bb1bd2fcf0d23d771ed
semantic_prior_ablation,no_description,subject_holdout,ccc_full_minus_ablation,0.0544277256399,0.0383700534408,0.0709853179868,0.0625,semantic_prior_ablation_statistics,d8c3ab210a198271be734908cf02838bf85c8a84deb43bb1bd2fcf0d23d771ed
semantic_prior_ablation,no_description,subject_holdout,mae_full_minus_ablation,-0.00624933093223,-0.0092376144687,-0.0035152385005,0.0625,semantic_prior_ablation_statistics,d8c3ab210a198271be734908cf02838bf85c8a84deb43bb1bd2fcf0d23d771ed
semantic_prior_ablation,no_intensity,subject_holdout,ccc_full_minus_ablation,0.000378005600571,-8.02811206776e-05,0.00139338882645,0.375,semantic_prior_ablation_statistics,d8c3ab210a198271be734908cf02838bf85c8a84deb43bb1bd2fcf0d23d771ed
semantic_prior_ablation,no_intensity,subject_holdout,mae_full_minus_ablation,-5.57082740563e-05,-0.000244303801138,3.42409361039e-05,1,semantic_prior_ablation_statistics,d8c3ab210a198271be734908cf02838bf85c8a84deb43bb1bd2fcf0d23d771ed
semantic_prior_ablation,full,subject_stimulus_holdout,ccc_mean,0.392660530404,,,,semantic_prior_ablation_statistics,d8c3ab210a198271be734908cf02838bf85c8a84deb43bb1bd2fcf0d23d771ed
semantic_prior_ablation,full,subject_stimulus_holdout,mae_mean,0.179488076221,,,,semantic_prior_ablation_statistics,d8c3ab210a198271be734908cf02838bf85c8a84deb43bb1bd2fcf0d23d771ed
semantic_prior_ablation,no_category,subject_stimulus_holdout,ccc_mean,-0.00846653069221,,,,semantic_prior_ablation_statistics,d8c3ab210a198271be734908cf02838bf85c8a84deb43bb1bd2fcf0d23d771ed
semantic_prior_ablation,no_category,subject_stimulus_holdout,mae_mean,0.212364619656,,,,semantic_prior_ablation_statistics,d8c3ab210a198271be734908cf02838bf85c8a84deb43bb1bd2fcf0d23d771ed
semantic_prior_ablation,no_context,subject_stimulus_holdout,ccc_mean,0.391494578419,,,,semantic_prior_ablation_statistics,d8c3ab210a198271be734908cf02838bf85c8a84deb43bb1bd2fcf0d23d771ed
semantic_prior_ablation,no_context,subject_stimulus_holdout,mae_mean,0.179454643223,,,,semantic_prior_ablation_statistics,d8c3ab210a198271be734908cf02838bf85c8a84deb43bb1bd2fcf0d23d771ed
semantic_prior_ablation,no_description,subject_stimulus_holdout,ccc_mean,0.405531182862,,,,semantic_prior_ablation_statistics,d8c3ab210a198271be734908cf02838bf85c8a84deb43bb1bd2fcf0d23d771ed
semantic_prior_ablation,no_description,subject_stimulus_holdout,mae_mean,0.178287233417,,,,semantic_prior_ablation_statistics,d8c3ab210a198271be734908cf02838bf85c8a84deb43bb1bd2fcf0d23d771ed
semantic_prior_ablation,no_intensity,subject_stimulus_holdout,ccc_mean,0.402615678073,,,,semantic_prior_ablation_statistics,d8c3ab210a198271be734908cf02838bf85c8a84deb43bb1bd2fcf0d23d771ed
semantic_prior_ablation,no_intensity,subject_stimulus_holdout,mae_mean,0.17778092688,,,,semantic_prior_ablation_statistics,d8c3ab210a198271be734908cf02838bf85c8a84deb43bb1bd2fcf0d23d771ed
semantic_prior_ablation,no_category,subject_stimulus_holdout,ccc_full_minus_ablation,0.401127061096,0.255717203583,0.459092863854,0.0625,semantic_prior_ablation_statistics,d8c3ab210a198271be734908cf02838bf85c8a84deb43bb1bd2fcf0d23d771ed
semantic_prior_ablation,no_category,subject_stimulus_holdout,mae_full_minus_ablation,-0.0328765434344,-0.0526068372576,-0.0122173164224,0.0625,semantic_prior_ablation_statistics,d8c3ab210a198271be734908cf02838bf85c8a84deb43bb1bd2fcf0d23d771ed
semantic_prior_ablation,no_context,subject_stimulus_holdout,ccc_full_minus_ablation,0.00116595198448,-0.00403880782867,0.00644099813079,0.625,semantic_prior_ablation_statistics,d8c3ab210a198271be734908cf02838bf85c8a84deb43bb1bd2fcf0d23d771ed
semantic_prior_ablation,no_context,subject_stimulus_holdout,mae_full_minus_ablation,3.34329980196e-05,-0.00113457399738,0.00134655612776,0.875,semantic_prior_ablation_statistics,d8c3ab210a198271be734908cf02838bf85c8a84deb43bb1bd2fcf0d23d771ed
semantic_prior_ablation,no_description,subject_stimulus_holdout,ccc_full_minus_ablation,-0.0128706524584,-0.052931931285,0.0261466966993,0.5,semantic_prior_ablation_statistics,d8c3ab210a198271be734908cf02838bf85c8a84deb43bb1bd2fcf0d23d771ed
semantic_prior_ablation,no_description,subject_stimulus_holdout,mae_full_minus_ablation,0.00120084280424,-0.00417185297399,0.00626864172903,0.3125,semantic_prior_ablation_statistics,d8c3ab210a198271be734908cf02838bf85c8a84deb43bb1bd2fcf0d23d771ed
semantic_prior_ablation,no_intensity,subject_stimulus_holdout,ccc_full_minus_ablation,-0.00995514766877,-0.0295706361442,0.00549125172344,0.0625,semantic_prior_ablation_statistics,d8c3ab210a198271be734908cf02838bf85c8a84deb43bb1bd2fcf0d23d771ed
semantic_prior_ablation,no_intensity,subject_stimulus_holdout,mae_full_minus_ablation,0.00170714934131,-0.00265997458199,0.00527470279411,0.3125,semantic_prior_ablation_statistics,d8c3ab210a198271be734908cf02838bf85c8a84deb43bb1bd2fcf0d23d771ed
